Sub-Cluster,Code,Occupation,TaskID,Task,TaskType,IncumbentsResponding,Date,DomainSource
Retail & Customer Experience,11-2022.00,Sales Managers,1,Resolve customer complaints regarding sales and service.,Core,23,7/1/2016,Occupational Expert
Retail & Customer Experience,11-2022.00,Sales Managers,2,Monitor customer preferences to determine focus of sales efforts.,Core,23,7/1/2016,Occupational Expert
Retail & Customer Experience,11-2022.00,Sales Managers,3,"Direct and coordinate activities involving sales of manufactured products, services, commodities, real estate, or other subjects of sale.",Core,23,7/1/2016,Occupational Expert
Retail & Customer Experience,11-2022.00,Sales Managers,4,Determine price schedules and discount rates.,Core,23,7/1/2016,Occupational Expert
Retail & Customer Experience,11-2022.00,Sales Managers,5,Review operational records and reports to project sales and determine profitability.,Core,23,7/1/2016,Occupational Expert
Retail & Customer Experience,11-2022.00,Sales Managers,6,"Direct, coordinate, and review sales and service accounting and record-keeping, as well as receiving and shipping.",Core,23,7/1/2016,Occupational Expert
Retail & Customer Experience,11-2022.00,Sales Managers,7,Confer or consult with department heads to plan advertising services and to secure information on equipment and customer specifications.,Core,23,7/1/2016,Occupational Expert
Retail & Customer Experience,11-2022.00,Sales Managers,8,Advise dealers and distributors on policies and operating procedures to ensure functional effectiveness of business.,Core,23,7/1/2016,Occupational Expert
Retail & Customer Experience,11-2022.00,Sales Managers,9,Prepare budgets and approve budget expenditures.,Core,23,7/1/2016,Occupational Expert
Retail & Customer Experience,11-2022.00,Sales Managers,10,Represent company at trade association meetings to promote products.,Core,22,7/1/2016,Occupational Expert
Retail & Customer Experience,11-2022.00,Sales Managers,11,"Plan and direct staffing, training, and performance evaluations to develop and control sales and service programs.",Core,22,7/1/2016,Occupational Expert
Retail & Customer Experience,11-2022.00,Sales Managers,12,Visit franchised dealers to stimulate interest in establishment or expansion of leasing programs.,Supplemental,23,7/1/2016,Occupational Expert
Retail & Customer Experience,11-2022.00,Sales Managers,13,"Confer with potential customers regarding equipment needs, and advise customers on types of equipment to purchase.",Supplemental,23,7/1/2016,Occupational Expert
Retail & Customer Experience,11-2022.00,Sales Managers,14,Oversee regional and local sales managers and their staffs.,Core,23,7/1/2016,Occupational Expert
Retail & Customer Experience,11-2022.00,Sales Managers,15,"Direct clerical staff to keep records of export correspondence, bid requests, and credit collections, and to maintain current information on tariffs, licenses, and restrictions.",Core,23,7/1/2016,Occupational Expert
Retail & Customer Experience,11-2022.00,Sales Managers,16,Direct foreign sales and service outlets of an organization.,Supplemental,22,7/1/2016,Occupational Expert
Retail & Customer Experience,11-2022.00,Sales Managers,17,"Assess marketing potential of new and existing store locations, considering statistics and expenditures.",Supplemental,22,7/1/2016,Occupational Expert
Strategic Sales,13-1022.00,"Wholesale and Retail Buyers, Except Farm Products",66,"Monitor and analyze sales records, trends, or economic conditions to anticipate consumer buying patterns, company sales, and needed inventory.",Core,81,7/1/2015,Incumbent
Strategic Sales,13-1022.00,"Wholesale and Retail Buyers, Except Farm Products",68,Authorize payment of invoices or return of merchandise.,Core,82,7/1/2015,Incumbent
Strategic Sales,13-1022.00,"Wholesale and Retail Buyers, Except Farm Products",72,Consult with store or merchandise managers about budgets or goods to be purchased.,Supplemental,82,7/1/2015,Incumbent
Strategic Sales,13-1022.00,"Wholesale and Retail Buyers, Except Farm Products",76,Train or supervise sales or clerical staff.,Supplemental,81,7/1/2015,Incumbent
Strategic Sales,13-1022.00,"Wholesale and Retail Buyers, Except Farm Products",77,"Provide clerks with information to print on price tags, such as price, mark-ups or mark-downs, manufacturer number, season code, or style number.",Supplemental,81,7/1/2015,Incumbent
Strategic Sales,13-1022.00,"Wholesale and Retail Buyers, Except Farm Products",78,"Determine which products should be featured in advertising, the advertising medium to be used, or when the ads should be run.",Supplemental,81,7/1/2015,Incumbent
Strategic Sales,13-1022.00,"Wholesale and Retail Buyers, Except Farm Products",79,Monitor competitors' sales activities by following their advertisements in newspapers or other media.,Supplemental,81,7/1/2015,Incumbent
Retail & Customer Experience,41-1011.00,First-Line Supervisors of Retail Sales Workers,657,Provide customer service by greeting and assisting customers and responding to customer inquiries and complaints.,Core,78,8/1/2018,Incumbent
Retail & Customer Experience,41-1011.00,First-Line Supervisors of Retail Sales Workers,658,Monitor sales activities to ensure that customers receive satisfactory service and quality goods.,Core,76,8/1/2018,Incumbent
Retail & Customer Experience,41-1011.00,First-Line Supervisors of Retail Sales Workers,659,Assign employees to specific duties.,Core,78,8/1/2018,Incumbent
Retail & Customer Experience,41-1011.00,First-Line Supervisors of Retail Sales Workers,660,"Direct and supervise employees engaged in sales, inventory-taking, reconciling cash receipts, or in performing services for customers.",Core,77,8/1/2018,Incumbent
Retail & Customer Experience,41-1011.00,First-Line Supervisors of Retail Sales Workers,661,Inventory stock and reorder when inventory drops to a specified level.,Core,77,8/1/2018,Incumbent
Retail & Customer Experience,41-1011.00,First-Line Supervisors of Retail Sales Workers,662,"Keep records of purchases, sales, and requisitions.",Core,77,8/1/2018,Incumbent
Retail & Customer Experience,41-1011.00,First-Line Supervisors of Retail Sales Workers,663,"Enforce safety, health, and security rules.",Core,77,8/1/2018,Incumbent
Retail & Customer Experience,41-1011.00,First-Line Supervisors of Retail Sales Workers,664,Examine products purchased for resale or received for storage to assess the condition of each product or item.,Core,77,8/1/2018,Incumbent
Retail & Customer Experience,41-1011.00,First-Line Supervisors of Retail Sales Workers,665,"Hire, train, and evaluate personnel in sales or marketing establishments, promoting or firing workers when appropriate.",Supplemental,78,8/1/2018,Incumbent
Retail & Customer Experience,41-1011.00,First-Line Supervisors of Retail Sales Workers,666,"Perform work activities of subordinates, such as cleaning and organizing shelves and displays and selling merchandise.",Core,77,8/1/2018,Incumbent
Retail & Customer Experience,41-1011.00,First-Line Supervisors of Retail Sales Workers,667,"Establish and implement policies, goals, objectives, and procedures for the department.",Core,78,8/1/2018,Incumbent
Retail & Customer Experience,41-1011.00,First-Line Supervisors of Retail Sales Workers,668,Instruct staff on how to handle difficult and complicated sales.,Core,78,8/1/2018,Incumbent
Retail & Customer Experience,41-1011.00,First-Line Supervisors of Retail Sales Workers,669,"Formulate pricing policies for merchandise, according to profitability requirements.",Supplemental,77,8/1/2018,Incumbent
Retail & Customer Experience,41-1011.00,First-Line Supervisors of Retail Sales Workers,670,Estimate consumer demand and determine the types and amounts of goods to be sold.,Core,77,8/1/2018,Incumbent
Retail & Customer Experience,41-1011.00,First-Line Supervisors of Retail Sales Workers,671,Examine merchandise to ensure that it is correctly priced and displayed and that it functions as advertised.,Core,78,8/1/2018,Incumbent
Retail & Customer Experience,41-1011.00,First-Line Supervisors of Retail Sales Workers,672,Plan and prepare work schedules and keep records of employees' work schedules and time cards.,Core,78,8/1/2018,Incumbent
Retail & Customer Experience,41-1011.00,First-Line Supervisors of Retail Sales Workers,673,Review inventory and sales records to prepare reports for management and budget departments.,Core,77,8/1/2018,Incumbent
Retail & Customer Experience,41-1011.00,First-Line Supervisors of Retail Sales Workers,674,Plan and coordinate advertising campaigns and sales promotions and prepare merchandise displays and advertising copy.,Supplemental,77,8/1/2018,Incumbent
Retail & Customer Experience,41-1011.00,First-Line Supervisors of Retail Sales Workers,675,"Confer with company officials to develop methods and procedures to increase sales, expand markets, and promote business.",Core,77,8/1/2018,Incumbent
Retail & Customer Experience,41-1011.00,First-Line Supervisors of Retail Sales Workers,676,Establish credit policies and operating procedures.,Supplemental,78,8/1/2018,Incumbent
Retail & Customer Experience,41-1011.00,First-Line Supervisors of Retail Sales Workers,677,Plan budgets and authorize payments and merchandise returns.,Supplemental,78,8/1/2018,Incumbent
Retail & Customer Experience,41-2031.00,Retail Salespersons,694,Greet customers and ascertain what each customer wants or needs.,Core,91,8/1/2018,Incumbent
Retail & Customer Experience,41-2031.00,Retail Salespersons,695,"Open and close cash registers, performing tasks such as counting money, separating charge slips, coupons, and vouchers, balancing cash drawers, and making deposits.",Supplemental,90,8/1/2018,Incumbent
Retail & Customer Experience,41-2031.00,Retail Salespersons,696,"Maintain knowledge of current sales and promotions, policies regarding payment and exchanges, and security practices.",Core,91,8/1/2018,Incumbent
Retail & Customer Experience,41-2031.00,Retail Salespersons,697,"Compute sales prices, total purchases, and receive and process cash or credit payment.",Core,88,8/1/2018,Incumbent
Retail & Customer Experience,41-2031.00,Retail Salespersons,698,Maintain records related to sales.,Supplemental,89,8/1/2018,Incumbent
Retail & Customer Experience,41-2031.00,Retail Salespersons,699,Watch for and recognize security risks and thefts and know how to prevent or handle these situations.,Core,91,8/1/2018,Incumbent
Retail & Customer Experience,41-2031.00,Retail Salespersons,700,"Recommend, select, and help locate or obtain merchandise based on customer needs and desires.",Core,91,8/1/2018,Incumbent
Retail & Customer Experience,41-2031.00,Retail Salespersons,701,Answer questions regarding the store and its merchandise.,Core,91,8/1/2018,Incumbent
Retail & Customer Experience,41-2031.00,Retail Salespersons,702,"Describe merchandise and explain use, operation, and care of merchandise to customers.",Core,91,8/1/2018,Incumbent
Retail & Customer Experience,41-2031.00,Retail Salespersons,703,"Ticket, arrange, and display merchandise to promote sales.",Core,89,8/1/2018,Incumbent
Retail & Customer Experience,41-2031.00,Retail Salespersons,704,Prepare sales slips or sales contracts.,Supplemental,90,8/1/2018,Incumbent
Retail & Customer Experience,41-2031.00,Retail Salespersons,705,Place special orders or call other stores to find desired items.,Core,91,8/1/2018,Incumbent
Retail & Customer Experience,41-2031.00,Retail Salespersons,706,Demonstrate use or operation of merchandise.,Core,88,8/1/2018,Incumbent
Retail & Customer Experience,41-2031.00,Retail Salespersons,707,"Clean shelves, counters, and tables.",Core,91,8/1/2018,Incumbent
Retail & Customer Experience,41-2031.00,Retail Salespersons,708,Exchange merchandise for customers and accept returns.,Core,91,8/1/2018,Incumbent
Retail & Customer Experience,41-2031.00,Retail Salespersons,709,Bag or package purchases and wrap gifts.,Supplemental,90,8/1/2018,Incumbent
Retail & Customer Experience,41-2031.00,Retail Salespersons,710,Help customers try on or fit merchandise.,Supplemental,88,8/1/2018,Incumbent
Retail & Customer Experience,41-2031.00,Retail Salespersons,711,Inventory stock and requisition new stock.,Core,90,8/1/2018,Incumbent
Retail & Customer Experience,41-2031.00,Retail Salespersons,712,Prepare merchandise for purchase or rental.,Core,90,8/1/2018,Incumbent
Retail & Customer Experience,41-2031.00,Retail Salespersons,713,"Sell or arrange for delivery, insurance, financing, or service contracts for merchandise.",Supplemental,89,8/1/2018,Incumbent
Retail & Customer Experience,41-2031.00,Retail Salespersons,714,Estimate and quote trade-in allowances.,Supplemental,89,8/1/2018,Incumbent
Retail & Customer Experience,41-2031.00,Retail Salespersons,715,Estimate cost of repair or alteration of merchandise.,Supplemental,90,8/1/2018,Incumbent
Retail & Customer Experience,41-2031.00,Retail Salespersons,716,"Estimate quantity and cost of merchandise required, such as paint or floor covering.",Supplemental,90,8/1/2018,Incumbent
Retail & Customer Experience,41-2031.00,Retail Salespersons,717,Rent merchandise to customers.,Supplemental,90,8/1/2018,Incumbent
Marketing & Advertising,11-2021.00,Marketing Managers,950,"Develop pricing strategies, balancing firm objectives and customer satisfaction.",Core,117,7/1/2015,Incumbent
Marketing & Advertising,11-2021.00,Marketing Managers,951,"Identify, develop, or evaluate marketing strategy, based on knowledge of establishment objectives, market characteristics, and cost and markup factors.",Core,117,7/1/2015,Incumbent
Marketing & Advertising,11-2021.00,Marketing Managers,952,"Evaluate the financial aspects of product development, such as budgets, expenditures, research and development appropriations, or return-on-investment and profit-loss projections.",Core,116,7/1/2015,Incumbent
Marketing & Advertising,11-2021.00,Marketing Managers,954,"Direct the hiring, training, or performance evaluations of marketing or sales staff and oversee their daily activities.",Core,117,7/1/2015,Incumbent
Marketing & Advertising,11-2021.00,Marketing Managers,955,"Negotiate contracts with vendors or distributors to manage product distribution, establishing distribution networks or developing distribution strategies.",Core,115,7/1/2015,Incumbent
Marketing & Advertising,11-2021.00,Marketing Managers,956,"Consult with product development personnel on product specifications, such as design, color, or packaging.",Core,113,7/1/2015,Incumbent
Marketing & Advertising,11-2021.00,Marketing Managers,957,Compile lists describing product or service offerings.,Core,116,7/1/2015,Incumbent
Marketing & Advertising,11-2021.00,Marketing Managers,958,"Use sales forecasting or strategic planning to ensure the sale and profitability of products, lines, or services, analyzing business developments and monitoring market trends.",Core,116,7/1/2015,Incumbent
Marketing & Advertising,11-2021.00,Marketing Managers,959,Select products or accessories to be displayed at trade or special production shows.,Supplemental,115,7/1/2015,Incumbent
Marketing & Advertising,11-2021.00,Marketing Managers,960,"Confer with legal staff to resolve problems, such as copyright infringement or royalty sharing with outside producers or distributors.",Core,115,7/1/2015,Incumbent
Marketing & Advertising,11-2021.00,Marketing Managers,961,"Coordinate or participate in promotional activities or trade shows, working with developers, advertisers, or production managers, to market products or services.",Core,116,7/1/2015,Incumbent
Marketing & Advertising,11-2021.00,Marketing Managers,962,"Advise business or other groups on local, national, or international factors affecting the buying or selling of products or services.",Supplemental,113,7/1/2015,Incumbent
Marketing & Advertising,11-2021.00,Marketing Managers,963,"Initiate market research studies, or analyze their findings.",Core,116,7/1/2015,Incumbent
Marketing & Advertising,11-2021.00,Marketing Managers,964,Consult with buying personnel to gain advice regarding the types of products or services expected to be in demand.,Supplemental,116,7/1/2015,Incumbent
Marketing & Advertising,11-2021.00,Marketing Managers,965,Conduct economic or commercial surveys to identify potential markets for products or services.,Supplemental,116,7/1/2015,Incumbent
Strategic Sales,13-1023.00,"Purchasing Agents, Except Wholesale, Retail, and Farm Products",1142,Purchase the highest quality merchandise at the lowest possible price and in correct amounts.,Core,23,8/1/2019,Occupational Expert
Strategic Sales,13-1023.00,"Purchasing Agents, Except Wholesale, Retail, and Farm Products",1143,"Prepare purchase orders, solicit bid proposals, and review requisitions for goods and services.",Core,23,8/1/2019,Occupational Expert
Strategic Sales,13-1023.00,"Purchasing Agents, Except Wholesale, Retail, and Farm Products",1144,"Research and evaluate suppliers, based on price, quality, selection, service, support, availability, reliability, production and distribution capabilities, and the supplier's reputation and history.",Core,23,8/1/2019,Occupational Expert
Strategic Sales,13-1023.00,"Purchasing Agents, Except Wholesale, Retail, and Farm Products",1145,"Analyze price proposals, financial reports, and other data and information to determine reasonable prices.",Core,23,8/1/2019,Occupational Expert
Strategic Sales,13-1023.00,"Purchasing Agents, Except Wholesale, Retail, and Farm Products",1146,Monitor and follow applicable laws and regulations.,Core,22,8/1/2019,Occupational Expert
Strategic Sales,13-1023.00,"Purchasing Agents, Except Wholesale, Retail, and Farm Products",1147,"Negotiate, renegotiate, and administer contracts with suppliers, vendors, and other representatives.",Core,23,8/1/2019,Occupational Expert
Strategic Sales,13-1023.00,"Purchasing Agents, Except Wholesale, Retail, and Farm Products",1148,"Monitor shipments to ensure that goods come in on time, and resolve problems related to undelivered goods.",Core,23,8/1/2019,Occupational Expert
Strategic Sales,13-1023.00,"Purchasing Agents, Except Wholesale, Retail, and Farm Products",1149,"Confer with staff, users, and vendors to discuss defective or unacceptable goods or services and determine corrective action.",Core,23,8/1/2019,Occupational Expert
Strategic Sales,13-1023.00,"Purchasing Agents, Except Wholesale, Retail, and Farm Products",1150,Evaluate and monitor contract performance to ensure compliance with contractual obligations and to determine need for changes.,Core,23,8/1/2019,Occupational Expert
Strategic Sales,13-1023.00,"Purchasing Agents, Except Wholesale, Retail, and Farm Products",1151,"Maintain and review computerized or manual records of purchased items, costs, deliveries, product performance, and inventories.",Core,23,8/1/2019,Occupational Expert
Strategic Sales,13-1023.00,"Purchasing Agents, Except Wholesale, Retail, and Farm Products",1152,"Review catalogs, industry periodicals, directories, trade journals, and Internet sites and consult with other department personnel to locate necessary goods and services.",Core,23,8/1/2019,Occupational Expert
Strategic Sales,13-1023.00,"Purchasing Agents, Except Wholesale, Retail, and Farm Products",1153,Study sales records and inventory levels of current stock to develop strategic purchasing programs that facilitate employee access to supplies.,Core,22,8/1/2019,Occupational Expert
Strategic Sales,13-1023.00,"Purchasing Agents, Except Wholesale, Retail, and Farm Products",1154,"Interview vendors and visit suppliers' plants and distribution centers to examine and learn about products, services, and prices.",Core,23,8/1/2019,Occupational Expert
Strategic Sales,13-1023.00,"Purchasing Agents, Except Wholesale, Retail, and Farm Products",1155,Arrange the payment of duty and freight charges.,Core,23,8/1/2019,Occupational Expert
Strategic Sales,13-1023.00,"Purchasing Agents, Except Wholesale, Retail, and Farm Products",1156,"Hire, train, or supervise purchasing clerks, buyers, and expediters.",Core,23,8/1/2019,Occupational Expert
Strategic Sales,13-1023.00,"Purchasing Agents, Except Wholesale, Retail, and Farm Products",1157,"Write and review product specifications, maintaining a working technical knowledge of the goods or services to be purchased.",Core,23,8/1/2019,Occupational Expert
Strategic Sales,13-1023.00,"Purchasing Agents, Except Wholesale, Retail, and Farm Products",1158,"Monitor changes affecting supply and demand, tracking market conditions, price trends, or futures markets.",Core,23,8/1/2019,Occupational Expert
Strategic Sales,13-1023.00,"Purchasing Agents, Except Wholesale, Retail, and Farm Products",1159,Formulate policies and procedures for bid proposals and procurement of goods and services.,Core,23,8/1/2019,Occupational Expert
Strategic Sales,13-1023.00,"Purchasing Agents, Except Wholesale, Retail, and Farm Products",1160,"Attend meetings, trade shows, conferences, conventions, and seminars to network with people in other purchasing departments.",Core,23,8/1/2019,Occupational Expert
Retail & Customer Experience,27-1023.00,Floral Designers,1719,"Confer with clients regarding price and type of arrangement desired and the date, time, and place of delivery.",Core,49,7/1/2015,Incumbent
Retail & Customer Experience,27-1023.00,Floral Designers,1720,"Plan arrangement according to client's requirements, using knowledge of design and properties of materials, or select appropriate standard design pattern.",Core,50,7/1/2015,Incumbent
Retail & Customer Experience,27-1023.00,Floral Designers,1721,"Water plants, and cut, condition, and clean flowers and foliage for storage.",Core,49,7/1/2015,Incumbent
Retail & Customer Experience,27-1023.00,Floral Designers,1722,"Select flora and foliage for arrangements, working with numerous combinations to synthesize and develop new creations.",Core,50,7/1/2015,Incumbent
Retail & Customer Experience,27-1023.00,Floral Designers,1723,Order and purchase flowers and supplies from wholesalers and growers.,Core,50,7/1/2015,Incumbent
Retail & Customer Experience,27-1023.00,Floral Designers,1724,Wrap and price completed arrangements.,Core,50,7/1/2015,Incumbent
Retail & Customer Experience,27-1023.00,Floral Designers,1725,"Trim material and arrange bouquets, wreaths, terrariums, and other items, using trimmers, shapers, wire, pins, floral tape, foam, and other materials.",Core,49,7/1/2015,Incumbent
Retail & Customer Experience,27-1023.00,Floral Designers,1726,"Perform office and retail service duties, such as keeping financial records, serving customers, answering telephones, selling giftware items, and receiving payment.",Core,49,7/1/2015,Incumbent
Retail & Customer Experience,27-1023.00,Floral Designers,1727,"Inform customers about the care, maintenance, and handling of various flowers and foliage, indoor plants, and other items.",Core,49,7/1/2015,Incumbent
Retail & Customer Experience,27-1023.00,Floral Designers,1728,"Decorate, or supervise the decoration of, buildings, halls, churches, or other facilities for parties, weddings and other occasions.",Core,48,7/1/2015,Incumbent
Retail & Customer Experience,27-1023.00,Floral Designers,1729,Perform general cleaning duties in the store to ensure the shop is clean and tidy.,Core,50,7/1/2015,Incumbent
Retail & Customer Experience,27-1023.00,Floral Designers,1730,Unpack stock as it comes into the shop.,Core,49,7/1/2015,Incumbent
Retail & Customer Experience,27-1023.00,Floral Designers,1731,"Create and change in-store and window displays, designs, and looks to enhance a shop's image.",Core,50,7/1/2015,Incumbent
Retail & Customer Experience,27-1023.00,Floral Designers,1732,"Conduct classes or demonstrations, or train other workers.",Supplemental,49,7/1/2015,Incumbent
Retail & Customer Experience,41-2011.00,Cashiers,2400,"Receive payment by cash, check, credit cards, vouchers, or automatic debits.",Core,64,8/1/2024,Incumbent
Retail & Customer Experience,41-2011.00,Cashiers,2401,"Issue receipts, refunds, credits, or change due to customers.",Core,63,8/1/2024,Incumbent
Retail & Customer Experience,41-2011.00,Cashiers,2402,Count money in cash drawers at the beginning of shifts to ensure that amounts are correct and that there is adequate change.,Supplemental,63,8/1/2024,Incumbent
Retail & Customer Experience,41-2011.00,Cashiers,2403,Greet customers entering establishments.,Core,64,8/1/2024,Incumbent
Retail & Customer Experience,41-2011.00,Cashiers,2405,"Establish or identify prices of goods, services, or admission, and tabulate bills, using calculators, cash registers, or optical price scanners.",Core,63,8/1/2024,Incumbent
Retail & Customer Experience,41-2011.00,Cashiers,2406,"Issue trading stamps, and redeem food stamps and coupons.",Supplemental,64,8/1/2024,Incumbent
Retail & Customer Experience,41-2011.00,Cashiers,2408,"Answer customers' questions, and provide information on procedures or policies.",Core,63,8/1/2024,Incumbent
Retail & Customer Experience,41-2011.00,Cashiers,2409,Cash checks for customers.,Supplemental,64,8/1/2024,Incumbent
Retail & Customer Experience,41-2011.00,Cashiers,2410,Weigh items sold by weight to determine prices.,Supplemental,63,8/1/2024,Incumbent
Retail & Customer Experience,41-2011.00,Cashiers,2411,"Calculate total payments received during a time period, and reconcile this with total sales.",Supplemental,64,8/1/2024,Incumbent
Retail & Customer Experience,41-2011.00,Cashiers,2412,Compute and record totals of transactions.,Supplemental,62,8/1/2024,Incumbent
Retail & Customer Experience,41-2011.00,Cashiers,2413,Sell tickets and other items to customers.,Supplemental,63,8/1/2024,Incumbent
Retail & Customer Experience,41-2011.00,Cashiers,2414,Keep periodic balance sheets of amounts and numbers of transactions.,Supplemental,62,8/1/2024,Incumbent
Retail & Customer Experience,41-2011.00,Cashiers,2415,"Bag, box, wrap, or gift-wrap merchandise, and prepare packages for shipment.",Supplemental,64,8/1/2024,Incumbent
Retail & Customer Experience,41-2011.00,Cashiers,2416,"Sort, count, and wrap currency and coins.",Supplemental,63,8/1/2024,Incumbent
Retail & Customer Experience,41-2011.00,Cashiers,2417,Process merchandise returns and exchanges.,Core,64,8/1/2024,Incumbent
Retail & Customer Experience,41-2011.00,Cashiers,2419,"Request information or assistance, using paging systems.",Core,63,8/1/2024,Incumbent
Retail & Customer Experience,41-2011.00,Cashiers,2421,Compile and maintain non-monetary reports and records.,Supplemental,62,8/1/2024,Incumbent
Retail & Customer Experience,41-2011.00,Cashiers,2422,Monitor checkout stations to ensure they have adequate cash available and are staffed appropriately.,Core,63,8/1/2024,Incumbent
Retail & Customer Experience,41-2011.00,Cashiers,2423,Post charges against guests' or patients' accounts.,Supplemental,64,8/1/2024,Incumbent
Retail & Customer Experience,41-2011.00,Cashiers,2424,Offer customers carry-out service at the completion of transactions.,Supplemental,63,8/1/2024,Incumbent
Retail & Customer Experience,41-2022.00,Parts Salespersons,2425,"Read catalogs, microfiche viewers, or computer displays to determine replacement part stock numbers and prices.",Core,48,8/1/2023,Incumbent
Retail & Customer Experience,41-2022.00,Parts Salespersons,2426,"Determine replacement parts required, according to inspections of old parts, customer requests, or customers' descriptions of malfunctions.",Core,48,8/1/2023,Incumbent
Retail & Customer Experience,41-2022.00,Parts Salespersons,2427,Receive and fill telephone orders for parts.,Core,48,8/1/2023,Incumbent
Retail & Customer Experience,41-2022.00,Parts Salespersons,2429,Prepare sales slips or sales contracts.,Core,48,8/1/2023,Incumbent
Retail & Customer Experience,41-2022.00,Parts Salespersons,2430,Receive payment or obtain credit authorization.,Core,48,8/1/2023,Incumbent
Retail & Customer Experience,41-2022.00,Parts Salespersons,2432,Advise customers on substitution or modification of parts when identical replacements are not available.,Core,48,8/1/2023,Incumbent
Retail & Customer Experience,41-2022.00,Parts Salespersons,2433,"Examine returned parts for defects, and exchange defective parts or refund money.",Core,48,8/1/2023,Incumbent
Retail & Customer Experience,41-2022.00,Parts Salespersons,2434,"Mark and store parts in stockrooms, according to prearranged systems.",Core,48,8/1/2023,Incumbent
Retail & Customer Experience,41-2022.00,Parts Salespersons,2435,"Discuss use and features of various parts, based on knowledge of machines or equipment.",Core,48,8/1/2023,Incumbent
Retail & Customer Experience,41-2022.00,Parts Salespersons,2436,"Demonstrate equipment to customers, and explain functioning of equipment.",Core,48,8/1/2023,Incumbent
Retail & Customer Experience,41-2022.00,Parts Salespersons,2437,Place new merchandise on display.,Core,48,8/1/2023,Incumbent
Retail & Customer Experience,41-2022.00,Parts Salespersons,2438,"Measure parts, using precision measuring instruments, to determine whether similar parts may be machined to required sizes.",Core,48,8/1/2023,Incumbent
Retail & Customer Experience,41-2022.00,Parts Salespersons,2439,Repair parts or equipment.,Core,48,8/1/2023,Incumbent
Retail & Customer Experience,43-4051.00,Customer Service Representatives,2578,"Keep records of customer interactions or transactions, recording details of inquiries, complaints, or comments, as well as actions taken.",Core,73,8/1/2022,Incumbent
Retail & Customer Experience,43-4051.00,Customer Service Representatives,2579,"Resolve customers' service or billing complaints by performing activities such as exchanging merchandise, refunding money, or adjusting bills.",Supplemental,71,8/1/2022,Incumbent
Retail & Customer Experience,43-4051.00,Customer Service Representatives,2580,Check to ensure that appropriate changes were made to resolve customers' problems.,Core,73,8/1/2022,Incumbent
Retail & Customer Experience,43-4051.00,Customer Service Representatives,2581,Contact customers to respond to inquiries or to notify them of claim investigation results or any planned adjustments.,Core,73,8/1/2022,Incumbent
Retail & Customer Experience,43-4051.00,Customer Service Representatives,2582,Refer unresolved customer grievances to designated departments for further investigation.,Core,72,8/1/2022,Incumbent
Retail & Customer Experience,43-4051.00,Customer Service Representatives,2583,"Determine charges for services requested, collect deposits or payments, or arrange for billing.",Core,72,8/1/2022,Incumbent
Retail & Customer Experience,43-4051.00,Customer Service Representatives,2584,"Complete contract forms, prepare change of address records, or issue service discontinuance orders, using computers.",Core,72,8/1/2022,Incumbent
Retail & Customer Experience,43-4051.00,Customer Service Representatives,2585,"Obtain and examine all relevant information to assess validity of complaints and to determine possible causes, such as extreme weather conditions that could increase utility bills.",Supplemental,72,8/1/2022,Incumbent
Retail & Customer Experience,43-4051.00,Customer Service Representatives,2586,Solicit sales of new or additional services or products.,Supplemental,73,8/1/2022,Incumbent
Retail & Customer Experience,43-4051.00,Customer Service Representatives,2587,Review insurance policy terms to determine whether a particular loss is covered by insurance.,Supplemental,71,8/1/2022,Incumbent
Retail & Customer Experience,43-4051.00,Customer Service Representatives,2589,Compare disputed merchandise with original requisitions and information from invoices and prepare invoices for returned goods.,Supplemental,72,8/1/2022,Incumbent
Retail & Customer Experience,43-4051.00,Customer Service Representatives,2591,"Recommend improvements in products, packaging, shipping, service, or billing methods and procedures to prevent future problems.",Supplemental,72,8/1/2022,Incumbent
Marketing & Advertising,11-2011.00,Advertising and Promotions Managers,3223,Prepare budgets and submit estimates for program costs as part of campaign plan development.,Core,71,8/1/2018,Incumbent
Marketing & Advertising,11-2011.00,Advertising and Promotions Managers,3224,"Plan and prepare advertising and promotional material to increase sales of products or services, working with customers, company officials, sales departments, and advertising agencies.",Core,73,8/1/2018,Incumbent
Marketing & Advertising,11-2011.00,Advertising and Promotions Managers,3226,"Inspect layouts and advertising copy, and edit scripts, audio, video, and other promotional material for adherence to specifications.",Core,72,8/1/2018,Incumbent
Marketing & Advertising,11-2011.00,Advertising and Promotions Managers,3227,"Coordinate activities of departments, such as sales, graphic arts, media, finance, and research.",Core,71,8/1/2018,Incumbent
Marketing & Advertising,11-2011.00,Advertising and Promotions Managers,3228,Prepare and negotiate advertising and sales contracts.,Supplemental,72,8/1/2018,Incumbent
Marketing & Advertising,11-2011.00,Advertising and Promotions Managers,3229,"Identify and develop contacts for promotional campaigns and industry programs that meet identified buyer targets, such as dealers, distributors, or consumers.",Core,73,8/1/2018,Incumbent
Marketing & Advertising,11-2011.00,Advertising and Promotions Managers,3231,"Confer with department heads or staff to discuss topics such as contracts, selection of advertising media, or product to be advertised.",Core,72,8/1/2018,Incumbent
Marketing & Advertising,11-2011.00,Advertising and Promotions Managers,3233,Monitor and analyze sales promotion results to determine cost effectiveness of promotion campaigns.,Core,71,8/1/2018,Incumbent
Marketing & Advertising,11-2011.00,Advertising and Promotions Managers,3234,"Read trade journals and professional literature to stay informed on trends, innovations, and changes that affect media planning.",Core,72,8/1/2018,Incumbent
Marketing & Advertising,11-2011.00,Advertising and Promotions Managers,3235,Formulate plans to extend business with established accounts and to transact business as agent for advertising accounts.,Supplemental,69,8/1/2018,Incumbent
Marketing & Advertising,11-2011.00,Advertising and Promotions Managers,3236,Provide presentation and product demonstration support during the introduction of new products and services to field staff and customers.,Supplemental,72,8/1/2018,Incumbent
Marketing & Advertising,11-2011.00,Advertising and Promotions Managers,3237,"Direct, motivate, and monitor the mobilization of a campaign team to advance campaign goals.",Core,72,8/1/2018,Incumbent
Marketing & Advertising,11-2011.00,Advertising and Promotions Managers,3238,Plan and execute advertising policies and strategies for organizations.,Core,71,8/1/2018,Incumbent
Marketing & Advertising,11-2011.00,Advertising and Promotions Managers,3239,"Track program budgets, expenses, and campaign response rates to evaluate each campaign, based on program objectives and industry norms.",Core,72,8/1/2018,Incumbent
Marketing & Advertising,11-2011.00,Advertising and Promotions Managers,3240,"Assemble and communicate with a strong, diverse coalition of organizations or public figures, securing their cooperation, support, and action, to further campaign goals.",Supplemental,72,8/1/2018,Incumbent
Marketing & Advertising,11-2011.00,Advertising and Promotions Managers,3241,Train and direct workers engaged in developing and producing advertisements.,Supplemental,72,8/1/2018,Incumbent
Marketing & Advertising,11-2011.00,Advertising and Promotions Managers,3242,Coordinate with the media to disseminate advertising.,Core,71,8/1/2018,Incumbent
Marketing & Advertising,11-2011.00,Advertising and Promotions Managers,3243,Contact organizations to explain services and facilities offered.,Core,74,8/1/2018,Incumbent
Marketing & Advertising,11-2011.00,Advertising and Promotions Managers,3244,Direct and coordinate product research and development.,Supplemental,71,8/1/2018,Incumbent
Marketing & Advertising,11-2011.00,Advertising and Promotions Managers,3245,Represent company at trade association meetings to promote products.,Supplemental,74,8/1/2018,Incumbent
Strategic Sales,41-3011.00,Advertising Sales Agents,4579,Prepare and deliver sales presentations to new and existing customers to sell new advertising programs and to protect and increase existing advertising.,Core,87,8/1/2018,Incumbent
Strategic Sales,41-3011.00,Advertising Sales Agents,4580,Explain to customers how specific types of advertising will help promote their products or services in the most effective way possible.,Core,87,8/1/2018,Incumbent
Strategic Sales,41-3011.00,Advertising Sales Agents,4581,Maintain assigned account bases while developing new accounts.,Core,86,8/1/2018,Incumbent
Strategic Sales,41-3011.00,Advertising Sales Agents,4582,Process all correspondence and paperwork related to accounts.,Core,87,8/1/2018,Incumbent
Strategic Sales,41-3011.00,Advertising Sales Agents,4583,Deliver advertising or illustration proofs to customers for approval.,Core,87,8/1/2018,Incumbent
Strategic Sales,41-3011.00,Advertising Sales Agents,4584,"Draw up contracts for advertising work, and collect payments due.",Core,87,8/1/2018,Incumbent
Strategic Sales,41-3011.00,Advertising Sales Agents,4585,Locate and contact potential clients to offer advertising services.,Core,87,8/1/2018,Incumbent
Strategic Sales,41-3011.00,Advertising Sales Agents,4586,Provide clients with estimates of the costs of advertising products or services.,Core,87,8/1/2018,Incumbent
Strategic Sales,41-3011.00,Advertising Sales Agents,4587,"Recommend appropriate sizes and formats for advertising, depending on medium used.",Core,87,8/1/2018,Incumbent
Strategic Sales,41-3011.00,Advertising Sales Agents,4588,"Inform customers of available options for advertisement artwork, and provide samples.",Core,87,8/1/2018,Incumbent
Strategic Sales,41-3011.00,Advertising Sales Agents,4589,"Obtain and study information about clients' products, needs, problems, advertising history, and business practices to offer effective sales presentations and appropriate product assistance.",Core,87,8/1/2018,Incumbent
Strategic Sales,41-3011.00,Advertising Sales Agents,4590,"Determine advertising medium to be used, and prepare sample advertisements within the selected medium for presentation to customers.",Core,87,8/1/2018,Incumbent
Strategic Sales,41-3011.00,Advertising Sales Agents,4591,"Consult with company officials, sales departments, and advertising agencies to develop promotional plans.",Core,87,8/1/2018,Incumbent
Strategic Sales,41-3011.00,Advertising Sales Agents,4592,"Prepare promotional plans, sales literature, media kits, and sales contracts, using computer.",Core,87,8/1/2018,Incumbent
Strategic Sales,41-3011.00,Advertising Sales Agents,4593,"Identify new advertising markets, and propose products to serve them.",Core,87,8/1/2018,Incumbent
Strategic Sales,41-3011.00,Advertising Sales Agents,4594,Write copy as part of layout.,Core,87,8/1/2018,Incumbent
Strategic Sales,41-3011.00,Advertising Sales Agents,4595,"Attend sales meetings, industry trade shows, and training seminars to gather information, promote products, expand network of contacts, and increase knowledge.",Core,87,8/1/2018,Incumbent
Strategic Sales,41-3011.00,Advertising Sales Agents,4596,"Gather all relevant material for bid processes, and coordinate bidding and contract approval.",Core,84,8/1/2018,Incumbent
Strategic Sales,41-3011.00,Advertising Sales Agents,4597,"Arrange for commercial taping sessions, and accompany clients to sessions.",Core,86,8/1/2018,Incumbent
Strategic Sales,41-3011.00,Advertising Sales Agents,4598,Write sales outlines for use by staff.,Supplemental,87,8/1/2018,Incumbent
Strategic Sales,41-9041.00,Telemarketers,4618,"Deliver prepared sales talks, reading from scripts that describe products or services, to persuade potential customers to purchase a product or service or to make a donation.",Core,48,8/1/2023,Incumbent
Strategic Sales,41-9041.00,Telemarketers,4619,"Contact businesses or private individuals by telephone to solicit sales for goods or services, or to request donations for charitable causes.",Core,48,8/1/2023,Incumbent
Strategic Sales,41-9041.00,Telemarketers,4620,"Explain products or services and prices, and answer questions from customers.",Core,48,8/1/2023,Incumbent
Strategic Sales,41-9041.00,Telemarketers,4621,"Obtain customer information such as name, address, and payment method, and enter orders into computers.",Core,48,8/1/2023,Incumbent
Strategic Sales,41-9041.00,Telemarketers,4622,"Record names, addresses, purchases, and reactions of prospects contacted.",Core,47,8/1/2023,Incumbent
Strategic Sales,41-9041.00,Telemarketers,4623,Adjust sales scripts to better target the needs and interests of specific individuals.,Supplemental,47,8/1/2023,Incumbent
Strategic Sales,41-9041.00,Telemarketers,4624,"Obtain names and telephone numbers of potential customers from sources such as telephone directories, magazine reply cards, and lists purchased from other organizations.",Supplemental,48,8/1/2023,Incumbent
Strategic Sales,41-9041.00,Telemarketers,4625,Answer telephone calls from potential customers who have been solicited through advertisements.,Core,48,8/1/2023,Incumbent
Strategic Sales,41-9041.00,Telemarketers,4626,Telephone or write letters to respond to correspondence from customers or to follow up initial sales contacts.,Core,46,8/1/2023,Incumbent
Strategic Sales,41-9041.00,Telemarketers,4627,"Maintain records of contacts, accounts, and orders.",Core,48,8/1/2023,Incumbent
Strategic Sales,41-9041.00,Telemarketers,4628,Schedule appointments for sales representatives to meet with prospective customers or for customers to attend sales presentations.,Supplemental,47,8/1/2023,Incumbent
Strategic Sales,41-9041.00,Telemarketers,4629,Conduct client or market surveys to obtain information about potential customers.,Supplemental,48,8/1/2023,Incumbent
"Market Research, Analytics, & Ethics",13-1161.00,Market Research Analysts and Marketing Specialists,5433,"Collect and analyze data on customer demographics, preferences, needs, and buying habits to identify potential markets and factors affecting product demand.",Core,23,8/1/2018,Occupational Expert
"Market Research, Analytics, & Ethics",13-1161.00,Market Research Analysts and Marketing Specialists,5434,"Prepare reports of findings, illustrating data graphically and translating complex findings into written text.",Core,22,8/1/2018,Occupational Expert
"Market Research, Analytics, & Ethics",13-1161.00,Market Research Analysts and Marketing Specialists,5435,Measure and assess customer and employee satisfaction.,Core,23,8/1/2018,Occupational Expert
"Market Research, Analytics, & Ethics",13-1161.00,Market Research Analysts and Marketing Specialists,5436,"Forecast and track marketing and sales trends, analyzing collected data.",Core,23,8/1/2018,Occupational Expert
"Market Research, Analytics, & Ethics",13-1161.00,Market Research Analysts and Marketing Specialists,5437,Seek and provide information to help companies determine their position in the marketplace.,Core,23,8/1/2018,Occupational Expert
"Market Research, Analytics, & Ethics",13-1161.00,Market Research Analysts and Marketing Specialists,5438,"Measure the effectiveness of marketing, advertising, and communications programs and strategies.",Core,22,8/1/2018,Occupational Expert
"Market Research, Analytics, & Ethics",13-1161.00,Market Research Analysts and Marketing Specialists,5439,"Conduct research on consumer opinions and marketing strategies, collaborating with marketing professionals, statisticians, pollsters, and other professionals.",Core,23,8/1/2018,Occupational Expert
"Market Research, Analytics, & Ethics",13-1161.00,Market Research Analysts and Marketing Specialists,5440,"Attend staff conferences to provide management with information and proposals concerning the promotion, distribution, design, and pricing of company products or services.",Core,22,8/1/2018,Occupational Expert
"Market Research, Analytics, & Ethics",13-1161.00,Market Research Analysts and Marketing Specialists,5441,"Gather data on competitors and analyze their prices, sales, and method of marketing and distribution.",Core,23,8/1/2018,Occupational Expert
"Market Research, Analytics, & Ethics",13-1161.00,Market Research Analysts and Marketing Specialists,5442,Monitor industry statistics and follow trends in trade literature.,Core,23,8/1/2018,Occupational Expert
"Market Research, Analytics, & Ethics",13-1161.00,Market Research Analysts and Marketing Specialists,5443,"Devise and evaluate methods and procedures for collecting data, such as surveys, opinion polls, or questionnaires, or arrange to obtain existing data.",Core,23,8/1/2018,Occupational Expert
"Market Research, Analytics, & Ethics",13-1161.00,Market Research Analysts and Marketing Specialists,5444,Develop and implement procedures for identifying advertising needs.,Core,23,8/1/2018,Occupational Expert
"Market Research, Analytics, & Ethics",13-1161.00,Market Research Analysts and Marketing Specialists,5445,Direct trained survey interviewers.,Core,23,8/1/2018,Occupational Expert
"Market Research, Analytics, & Ethics",19-3041.00,Sociologists,5464,Prepare publications and reports containing research findings.,Core,20,8/1/2023,Occupational Expert
"Market Research, Analytics, & Ethics",19-3041.00,Sociologists,5465,Analyze and interpret data to increase the understanding of human social behavior.,Core,20,8/1/2023,Occupational Expert
"Market Research, Analytics, & Ethics",19-3041.00,Sociologists,5466,"Plan and conduct research to develop and test theories about societal issues such as crime, group relations, poverty, and aging.",Core,20,8/1/2023,Occupational Expert
"Market Research, Analytics, & Ethics",19-3041.00,Sociologists,5467,"Collect data about the attitudes, values, and behaviors of people in groups, using observation, interviews, and review of documents.",Core,20,8/1/2023,Occupational Expert
"Market Research, Analytics, & Ethics",19-3041.00,Sociologists,5468,"Develop, implement, and evaluate methods of data collection, such as questionnaires or interviews.",Core,20,8/1/2023,Occupational Expert
"Market Research, Analytics, & Ethics",19-3041.00,Sociologists,5469,Teach sociology.,Core,20,8/1/2023,Occupational Expert
"Market Research, Analytics, & Ethics",19-3041.00,Sociologists,5470,"Direct work of statistical clerks, statisticians, and others who compile and evaluate research data.",Core,20,8/1/2023,Occupational Expert
"Market Research, Analytics, & Ethics",19-3041.00,Sociologists,5471,"Consult with and advise individuals such as administrators, social workers, and legislators regarding social issues and policies, as well as the implications of research findings.",Core,20,8/1/2023,Occupational Expert
"Market Research, Analytics, & Ethics",19-3041.00,Sociologists,5472,Collaborate with research workers in other disciplines.,Core,20,8/1/2023,Occupational Expert
"Market Research, Analytics, & Ethics",19-3041.00,Sociologists,5473,"Develop approaches to the solution of groups' problems, based on research findings in sociology and related disciplines.",Core,20,8/1/2023,Occupational Expert
"Market Research, Analytics, & Ethics",19-3041.00,Sociologists,5474,"Observe group interactions and role affiliations to collect data, identify problems, evaluate progress, and determine the need for additional change.",Core,20,8/1/2023,Occupational Expert
"Market Research, Analytics, & Ethics",19-3041.00,Sociologists,5475,"Develop problem intervention procedures, using techniques such as interviews, consultations, role playing, and participant observation of group interactions.",Core,20,8/1/2023,Occupational Expert
"Market Research, Analytics, & Ethics",15-2021.00,Mathematicians,7367,"Apply mathematical theories and techniques to the solution of practical problems in business, engineering, the sciences, or other fields.",Core,24,8/1/2021,Occupational Expert
"Market Research, Analytics, & Ethics",15-2021.00,Mathematicians,7368,Develop computational methods for solving problems that occur in areas of science and engineering or that come from applications in business or industry.,Core,24,8/1/2021,Occupational Expert
"Market Research, Analytics, & Ethics",15-2021.00,Mathematicians,7369,"Maintain knowledge in the field by reading professional journals, talking with other mathematicians, and attending professional conferences.",Core,24,8/1/2021,Occupational Expert
"Market Research, Analytics, & Ethics",15-2021.00,Mathematicians,7370,Perform computations and apply methods of numerical analysis to data.,Core,24,8/1/2021,Occupational Expert
"Market Research, Analytics, & Ethics",15-2021.00,Mathematicians,7371,Develop mathematical or statistical models of phenomena to be used for analysis or for computational simulation.,Core,24,8/1/2021,Occupational Expert
"Market Research, Analytics, & Ethics",15-2021.00,Mathematicians,7372,"Assemble sets of assumptions, and explore the consequences of each set.",Core,24,8/1/2021,Occupational Expert
"Market Research, Analytics, & Ethics",15-2021.00,Mathematicians,7373,"Address the relationships of quantities, magnitudes, and forms through the use of numbers and symbols.",Core,24,8/1/2021,Occupational Expert
"Market Research, Analytics, & Ethics",15-2021.00,Mathematicians,7374,Develop new principles and new relationships between existing mathematical principles to advance mathematical science.,Core,24,8/1/2021,Occupational Expert
"Market Research, Analytics, & Ethics",15-2021.00,Mathematicians,7375,"Design, analyze, and decipher encryption systems designed to transmit military, political, financial, or law-enforcement-related information in code.",Supplemental,24,8/1/2021,Occupational Expert
"Market Research, Analytics, & Ethics",15-2021.00,Mathematicians,7376,"Conduct research to extend mathematical knowledge in traditional areas, such as algebra, geometry, probability, and logic.",Core,24,8/1/2021,Occupational Expert
Strategic Sales,41-4012.00,"Sales Representatives, Wholesale and Manufacturing, Except Technical and Scientific Products",8113,"Answer customers' questions about products, prices, availability, product uses, and credit terms.",Core,65,8/1/2020,Incumbent
Strategic Sales,41-4012.00,"Sales Representatives, Wholesale and Manufacturing, Except Technical and Scientific Products",8114,"Recommend products to customers, based on customers' needs and interests.",Core,65,8/1/2020,Incumbent
Strategic Sales,41-4012.00,"Sales Representatives, Wholesale and Manufacturing, Except Technical and Scientific Products",8115,"Contact regular and prospective customers to demonstrate products, explain product features, and solicit orders.",Core,65,8/1/2020,Incumbent
Strategic Sales,41-4012.00,"Sales Representatives, Wholesale and Manufacturing, Except Technical and Scientific Products",8116,"Estimate or quote prices, credit or contract terms, warranties, and delivery dates.",Core,65,8/1/2020,Incumbent
Strategic Sales,41-4012.00,"Sales Representatives, Wholesale and Manufacturing, Except Technical and Scientific Products",8117,Consult with clients after sales or contract signings to resolve problems and to provide ongoing support.,Core,65,8/1/2020,Incumbent
Strategic Sales,41-4012.00,"Sales Representatives, Wholesale and Manufacturing, Except Technical and Scientific Products",8118,"Prepare drawings, estimates, and bids that meet specific customer needs.",Supplemental,65,8/1/2020,Incumbent
Strategic Sales,41-4012.00,"Sales Representatives, Wholesale and Manufacturing, Except Technical and Scientific Products",8119,Provide customers with product samples and catalogs.,Core,65,8/1/2020,Incumbent
Strategic Sales,41-4012.00,"Sales Representatives, Wholesale and Manufacturing, Except Technical and Scientific Products",8120,"Identify prospective customers by using business directories, following leads from existing clients, participating in organizations and clubs, and attending trade shows and conferences.",Core,65,8/1/2020,Incumbent
Strategic Sales,41-4012.00,"Sales Representatives, Wholesale and Manufacturing, Except Technical and Scientific Products",8121,Arrange and direct delivery and installation of products and equipment.,Supplemental,65,8/1/2020,Incumbent
Strategic Sales,41-4012.00,"Sales Representatives, Wholesale and Manufacturing, Except Technical and Scientific Products",8122,"Monitor market conditions, product innovations, and competitors' products, prices, and sales.",Core,65,8/1/2020,Incumbent
Strategic Sales,41-4012.00,"Sales Representatives, Wholesale and Manufacturing, Except Technical and Scientific Products",8124,"Perform administrative duties, such as preparing sales budgets and reports, keeping sales records, and filing expense account reports.",Core,64,8/1/2020,Incumbent
Strategic Sales,41-4012.00,"Sales Representatives, Wholesale and Manufacturing, Except Technical and Scientific Products",8125,Obtain credit information about prospective customers.,Supplemental,65,8/1/2020,Incumbent
Strategic Sales,41-4012.00,"Sales Representatives, Wholesale and Manufacturing, Except Technical and Scientific Products",8126,Forward orders to manufacturers.,Supplemental,65,8/1/2020,Incumbent
Strategic Sales,41-4012.00,"Sales Representatives, Wholesale and Manufacturing, Except Technical and Scientific Products",8127,Check stock levels and reorder merchandise as necessary.,Supplemental,65,8/1/2020,Incumbent
Strategic Sales,41-4012.00,"Sales Representatives, Wholesale and Manufacturing, Except Technical and Scientific Products",8128,"Plan, assemble, and stock product displays in retail stores, or make recommendations to retailers regarding product displays, promotional programs, and advertising.",Supplemental,65,8/1/2020,Incumbent
Strategic Sales,41-4012.00,"Sales Representatives, Wholesale and Manufacturing, Except Technical and Scientific Products",8129,"Negotiate with retail merchants to improve product exposure, such as shelf positioning and advertising.",Supplemental,65,8/1/2020,Incumbent
"Market Research, Analytics, & Ethics",15-2041.00,Statisticians,8953,"Report results of statistical analyses, including information in the form of graphs, charts, and tables.",Core,21,8/1/2024,Occupational Expert
"Market Research, Analytics, & Ethics",15-2041.00,Statisticians,8954,"Process large amounts of data for statistical modeling and graphic analysis, using computers.",Core,21,8/1/2024,Occupational Expert
"Market Research, Analytics, & Ethics",15-2041.00,Statisticians,8955,"Identify relationships and trends in data, as well as any factors that could affect the results of research.",Core,21,8/1/2024,Occupational Expert
"Market Research, Analytics, & Ethics",15-2041.00,Statisticians,8956,Analyze and interpret statistical data to identify significant differences in relationships among sources of information.,Core,21,8/1/2024,Occupational Expert
"Market Research, Analytics, & Ethics",15-2041.00,Statisticians,8957,"Prepare data for processing by organizing information, checking for inaccuracies, and adjusting and weighting the raw data.",Core,21,8/1/2024,Occupational Expert
"Market Research, Analytics, & Ethics",15-2041.00,Statisticians,8958,"Evaluate the statistical methods and procedures used to obtain data to ensure validity, applicability, efficiency, and accuracy.",Core,21,8/1/2024,Occupational Expert
"Market Research, Analytics, & Ethics",15-2041.00,Statisticians,8959,"Evaluate sources of information to determine any limitations, in terms of reliability or usability.",Core,21,8/1/2024,Occupational Expert
"Market Research, Analytics, & Ethics",15-2041.00,Statisticians,8960,"Plan data collection methods for specific projects, and determine the types and sizes of sample groups to be used.",Core,21,8/1/2024,Occupational Expert
"Market Research, Analytics, & Ethics",15-2041.00,Statisticians,8961,"Design research projects that apply valid scientific techniques, and use information obtained from baselines or historical data to structure uncompromised and efficient analyses.",Core,21,8/1/2024,Occupational Expert
"Market Research, Analytics, & Ethics",15-2041.00,Statisticians,8963,Supervise and provide instructions for workers collecting and tabulating data.,Core,21,8/1/2024,Occupational Expert
"Market Research, Analytics, & Ethics",15-2041.00,Statisticians,8964,"Apply sampling techniques, or use complete enumeration bases to determine and define groups to be surveyed.",Core,21,8/1/2024,Occupational Expert
"Market Research, Analytics, & Ethics",15-2041.00,Statisticians,8965,"Adapt statistical methods to solve specific problems in many fields, such as economics, biology, and engineering.",Core,21,8/1/2024,Occupational Expert
"Market Research, Analytics, & Ethics",15-2041.00,Statisticians,8966,"Develop and test experimental designs, sampling techniques, and analytical methods.",Core,21,8/1/2024,Occupational Expert
"Market Research, Analytics, & Ethics",15-2041.00,Statisticians,8967,"Examine theories, such as those of probability and inference, to discover mathematical bases for new or improved methods of obtaining and evaluating numerical data.",Core,21,8/1/2024,Occupational Expert
Marketing & Advertising,27-4021.00,Photographers,9343,"Take pictures of individuals, families, and small groups, either in studio or on location.",Core,22,8/1/2021,Occupational Expert
Marketing & Advertising,27-4021.00,Photographers,9344,"Adjust apertures, shutter speeds, and camera focus according to a combination of factors, such as lighting, field depth, subject motion, film type, and film speed.",Core,22,8/1/2021,Occupational Expert
Marketing & Advertising,27-4021.00,Photographers,9345,"Use traditional or digital cameras, along with a variety of equipment, such as tripods, filters, and flash attachments.",Core,22,8/1/2021,Occupational Expert
Marketing & Advertising,27-4021.00,Photographers,9346,"Create artificial light, using flashes and reflectors.",Core,22,8/1/2021,Occupational Expert
Marketing & Advertising,27-4021.00,Photographers,9347,"Determine desired images and picture composition, selecting and adjusting subjects, equipment, and lighting to achieve desired effects.",Core,22,8/1/2021,Occupational Expert
Marketing & Advertising,27-4021.00,Photographers,9349,Test equipment prior to use to ensure that it is in good working order.,Core,21,8/1/2021,Occupational Expert
Marketing & Advertising,27-4021.00,Photographers,9350,Review sets of photographs to select the best work.,Core,22,8/1/2021,Occupational Expert
Marketing & Advertising,27-4021.00,Photographers,9351,"Estimate or measure light levels, distances, and numbers of exposures needed, using measuring devices and formulas.",Core,22,8/1/2021,Occupational Expert
Marketing & Advertising,27-4021.00,Photographers,9352,"Manipulate and enhance scanned or digital images to create desired effects, using computers and specialized software.",Core,22,8/1/2021,Occupational Expert
Marketing & Advertising,27-4021.00,Photographers,9353,Perform maintenance tasks necessary to keep equipment working properly.,Core,21,8/1/2021,Occupational Expert
Marketing & Advertising,27-4021.00,Photographers,9354,"Perform general office duties, such as scheduling appointments, keeping books, and ordering supplies.",Core,22,8/1/2021,Occupational Expert
Marketing & Advertising,27-4021.00,Photographers,9355,"Determine project goals, locations, and equipment needs by studying assignments and consulting with clients or advertising staff.",Core,21,8/1/2021,Occupational Expert
Marketing & Advertising,27-4021.00,Photographers,9356,"Select and assemble equipment and required background properties, according to subjects, materials, and conditions.",Core,22,8/1/2021,Occupational Expert
Marketing & Advertising,27-4021.00,Photographers,9357,"Enhance, retouch, and resize photographs and negatives, using airbrushing and other techniques.",Core,22,8/1/2021,Occupational Expert
Marketing & Advertising,27-4021.00,Photographers,9358,"Set up, mount, or install photographic equipment and cameras.",Core,22,8/1/2021,Occupational Expert
Marketing & Advertising,27-4021.00,Photographers,9360,"Produce computer-readable, digital images from film, using flatbed scanners and photofinishing laboratories.",Supplemental,22,8/1/2021,Occupational Expert
Marketing & Advertising,27-4021.00,Photographers,9361,Direct activities of workers setting up photographic equipment.,Core,22,8/1/2021,Occupational Expert
Marketing & Advertising,27-4021.00,Photographers,9362,"Employ a variety of specialized photographic materials and techniques, including infrared and ultraviolet films, macro photography, photogrammetry and sensitometry.",Supplemental,22,8/1/2021,Occupational Expert
Marketing & Advertising,27-4021.00,Photographers,9363,Engage in research to develop new photographic procedures and materials.,Core,22,8/1/2021,Occupational Expert
Marketing & Advertising,27-4021.00,Photographers,9364,Set up photographic exhibitions for the purpose of displaying and selling work.,Supplemental,22,8/1/2021,Occupational Expert
Marketing & Advertising,27-4021.00,Photographers,9365,Load and unload film.,Supplemental,22,8/1/2021,Occupational Expert
Marketing & Advertising,27-4021.00,Photographers,9366,Develop visual aids and charts for use in lectures or to present evidence in court.,Supplemental,22,8/1/2021,Occupational Expert
Marketing & Advertising,27-4021.00,Photographers,9367,License the use of photographs through stock photo agencies.,Supplemental,22,8/1/2021,Occupational Expert
Marketing & Advertising,27-4021.00,Photographers,9368,"Mount, frame, laminate, or lacquer finished photographs.",Core,22,8/1/2021,Occupational Expert
Retail & Customer Experience,41-1012.00,First-Line Supervisors of Non-Retail Sales Workers,9660,"Listen to and resolve customer complaints regarding services, products, or personnel.",Core,86,8/1/2020,Incumbent
Retail & Customer Experience,41-1012.00,First-Line Supervisors of Non-Retail Sales Workers,9661,Monitor sales staff performance to ensure that goals are met.,Core,84,8/1/2020,Incumbent
Retail & Customer Experience,41-1012.00,First-Line Supervisors of Non-Retail Sales Workers,9662,"Hire, train, and evaluate personnel.",Core,84,8/1/2020,Incumbent
Retail & Customer Experience,41-1012.00,First-Line Supervisors of Non-Retail Sales Workers,9663,"Confer with company officials to develop methods and procedures to increase sales, expand markets, and promote business.",Core,82,8/1/2020,Incumbent
Retail & Customer Experience,41-1012.00,First-Line Supervisors of Non-Retail Sales Workers,9665,Provide staff with assistance in performing difficult or complicated duties.,Core,84,8/1/2020,Incumbent
Retail & Customer Experience,41-1012.00,First-Line Supervisors of Non-Retail Sales Workers,9666,"Plan and prepare work schedules, and assign employees to specific duties.",Core,85,8/1/2020,Incumbent
Retail & Customer Experience,41-1012.00,First-Line Supervisors of Non-Retail Sales Workers,9667,Attend company meetings to exchange product information and coordinate work activities with other departments.,Core,86,8/1/2020,Incumbent
Retail & Customer Experience,41-1012.00,First-Line Supervisors of Non-Retail Sales Workers,9668,Prepare sales and inventory reports for management and budget departments.,Supplemental,83,8/1/2020,Incumbent
Retail & Customer Experience,41-1012.00,First-Line Supervisors of Non-Retail Sales Workers,9669,Formulate pricing policies on merchandise according to profitability requirements.,Supplemental,84,8/1/2020,Incumbent
Retail & Customer Experience,41-1012.00,First-Line Supervisors of Non-Retail Sales Workers,9670,"Examine merchandise to ensure correct pricing and display, and that it functions as advertised.",Supplemental,85,8/1/2020,Incumbent
Retail & Customer Experience,41-1012.00,First-Line Supervisors of Non-Retail Sales Workers,9671,Analyze details of sales territories to assess their growth potential and to set quotas.,Supplemental,85,8/1/2020,Incumbent
Retail & Customer Experience,41-1012.00,First-Line Supervisors of Non-Retail Sales Workers,9672,Visit retailers and sales representatives to promote products and gather information.,Supplemental,85,8/1/2020,Incumbent
Retail & Customer Experience,41-1012.00,First-Line Supervisors of Non-Retail Sales Workers,9673,"Keep records pertaining to purchases, sales, and requisitions.",Core,86,8/1/2020,Incumbent
Retail & Customer Experience,41-1012.00,First-Line Supervisors of Non-Retail Sales Workers,9674,"Coordinate sales promotion activities, such as preparing merchandise displays and advertising copy.",Supplemental,86,8/1/2020,Incumbent
Retail & Customer Experience,41-1012.00,First-Line Supervisors of Non-Retail Sales Workers,9675,"Prepare rental or lease agreements, specifying charges and payment procedures for use of machinery, tools, or other items.",Supplemental,86,8/1/2020,Incumbent
Retail & Customer Experience,41-1012.00,First-Line Supervisors of Non-Retail Sales Workers,9676,Inventory stock and reorder when inventories drop to specified levels.,Supplemental,84,8/1/2020,Incumbent
Retail & Customer Experience,41-1012.00,First-Line Supervisors of Non-Retail Sales Workers,9677,Examine products purchased for resale or received for storage to determine product condition.,Supplemental,85,8/1/2020,Incumbent
Strategic Sales,41-9031.00,Sales Engineers,9678,Plan and modify product configurations to meet customer needs.,Core,47,8/1/2022,Incumbent
Strategic Sales,41-9031.00,Sales Engineers,9679,Confer with customers and engineers to assess equipment needs and to determine system requirements.,Core,47,8/1/2022,Incumbent
Strategic Sales,41-9031.00,Sales Engineers,9680,"Collaborate with sales teams to understand customer requirements, to promote the sale of company products, and to provide sales support.",Core,49,8/1/2022,Incumbent
Strategic Sales,41-9031.00,Sales Engineers,9681,Secure and renew orders and arrange delivery.,Core,49,8/1/2022,Incumbent
Strategic Sales,41-9031.00,Sales Engineers,9682,"Develop, present, or respond to proposals for specific customer requirements, including request for proposal responses and industry-specific solutions.",Core,47,8/1/2022,Incumbent
Strategic Sales,41-9031.00,Sales Engineers,9683,"Sell products requiring extensive technical expertise and support for installation and use, such as material handling equipment, numerical-control machinery, or computer systems.",Supplemental,47,8/1/2022,Incumbent
Strategic Sales,41-9031.00,Sales Engineers,9684,Diagnose problems with installed equipment.,Supplemental,47,8/1/2022,Incumbent
Strategic Sales,41-9031.00,Sales Engineers,9685,"Recommend improved materials or machinery to customers, documenting how such changes will lower costs or increase production.",Core,49,8/1/2022,Incumbent
Strategic Sales,41-9031.00,Sales Engineers,9686,Prepare and deliver technical presentations that explain products or services to customers and prospective customers.,Core,48,8/1/2022,Incumbent
Strategic Sales,41-9031.00,Sales Engineers,9687,"Provide technical and non-technical support and services to clients or other staff members regarding the use, operation, and maintenance of equipment.",Supplemental,49,8/1/2022,Incumbent
Strategic Sales,41-9031.00,Sales Engineers,9688,Research and identify potential customers for products or services.,Core,47,8/1/2022,Incumbent
Strategic Sales,41-9031.00,Sales Engineers,9689,"Visit prospective buyers at commercial, industrial, or other establishments to show samples or catalogs, and to inform them about product pricing, availability, and advantages.",Core,47,8/1/2022,Incumbent
Strategic Sales,41-9031.00,Sales Engineers,9690,Create sales or service contracts for products or services.,Core,49,8/1/2022,Incumbent
Strategic Sales,41-9031.00,Sales Engineers,9691,Arrange for demonstrations or trial installations of equipment.,Core,47,8/1/2022,Incumbent
Strategic Sales,41-9031.00,Sales Engineers,9692,"Keep informed on industry news and trends, products, services, competitors, relevant information about legacy, existing, and emerging technologies, and the latest product-line developments.",Core,47,8/1/2022,Incumbent
Strategic Sales,41-9031.00,Sales Engineers,9693,Attend company training seminars to become familiar with product lines.,Core,49,8/1/2022,Incumbent
Strategic Sales,41-9031.00,Sales Engineers,9694,Provide information needed for the development of custom-made machinery.,Supplemental,47,8/1/2022,Incumbent
Strategic Sales,41-9031.00,Sales Engineers,9695,Write technical documentation for products.,Supplemental,49,8/1/2022,Incumbent
Strategic Sales,41-9031.00,Sales Engineers,9696,Develop sales plans to introduce products in new markets.,Core,49,8/1/2022,Incumbent
Strategic Sales,41-9031.00,Sales Engineers,9697,Identify resale opportunities and support them to achieve sales plans.,Core,49,8/1/2022,Incumbent
Strategic Sales,41-9031.00,Sales Engineers,9698,"Document account activities, generate reports, and keep records of business transactions with customers and suppliers.",Core,47,8/1/2022,Incumbent
Strategic Sales,41-9031.00,Sales Engineers,9699,Train team members in the customer applications of technologies.,Core,47,8/1/2022,Incumbent
Strategic Sales,41-9031.00,Sales Engineers,9700,Maintain sales forecasting reports.,Core,48,8/1/2022,Incumbent
Strategic Sales,41-9031.00,Sales Engineers,9701,Attend trade shows and seminars to promote products or to learn about industry developments.,Core,47,8/1/2022,Incumbent
Strategic Sales,41-9031.00,Sales Engineers,9702,Report to supervisors about prospective firms' credit ratings.,Supplemental,48,8/1/2022,Incumbent
Strategic Sales,41-4011.00,"Sales Representatives, Wholesale and Manufacturing, Technical and Scientific Products",11237,"Answer customers' questions about products, prices, availability, or credit terms.",Core,87,7/1/2014,Incumbent
Strategic Sales,41-4011.00,"Sales Representatives, Wholesale and Manufacturing, Technical and Scientific Products",11238,"Quote prices, credit terms, or other bid specifications.",Core,88,7/1/2014,Incumbent
Strategic Sales,41-4011.00,"Sales Representatives, Wholesale and Manufacturing, Technical and Scientific Products",11239,"Emphasize product features, based on analyses of customers' needs and on technical knowledge of product capabilities and limitations.",Core,87,7/1/2014,Incumbent
Strategic Sales,41-4011.00,"Sales Representatives, Wholesale and Manufacturing, Technical and Scientific Products",11240,Negotiate prices or terms of sales or service agreements.,Core,88,7/1/2014,Incumbent
Strategic Sales,41-4011.00,"Sales Representatives, Wholesale and Manufacturing, Technical and Scientific Products",11241,"Maintain customer records, using automated systems.",Core,88,7/1/2014,Incumbent
Strategic Sales,41-4011.00,"Sales Representatives, Wholesale and Manufacturing, Technical and Scientific Products",11245,"Collaborate with colleagues to exchange information, such as selling strategies or marketing information.",Core,88,7/1/2014,Incumbent
Strategic Sales,41-4011.00,"Sales Representatives, Wholesale and Manufacturing, Technical and Scientific Products",11246,Prepare sales presentations or proposals to explain product specifications or applications.,Core,87,7/1/2014,Incumbent
Strategic Sales,41-4011.00,"Sales Representatives, Wholesale and Manufacturing, Technical and Scientific Products",11248,Provide customers with ongoing technical support.,Core,87,7/1/2014,Incumbent
Strategic Sales,41-4011.00,"Sales Representatives, Wholesale and Manufacturing, Technical and Scientific Products",11249,"Inform customers of estimated delivery schedules, service contracts, warranties, or other information pertaining to purchased products.",Core,87,7/1/2014,Incumbent
Strategic Sales,41-4011.00,"Sales Representatives, Wholesale and Manufacturing, Technical and Scientific Products",11251,Visit establishments to evaluate needs or to promote product or service sales.,Core,88,7/1/2014,Incumbent
Strategic Sales,41-4011.00,"Sales Representatives, Wholesale and Manufacturing, Technical and Scientific Products",11252,"Complete expense reports, sales reports, or other paperwork.",Core,88,7/1/2014,Incumbent
Strategic Sales,41-4011.00,"Sales Representatives, Wholesale and Manufacturing, Technical and Scientific Products",11256,Provide feedback to product design teams so that products can be tailored to clients' needs.,Supplemental,88,7/1/2014,Incumbent
Strategic Sales,41-4011.00,"Sales Representatives, Wholesale and Manufacturing, Technical and Scientific Products",11257,Arrange for installation and testing of products or machinery.,Supplemental,88,7/1/2014,Incumbent
Strategic Sales,41-4011.00,"Sales Representatives, Wholesale and Manufacturing, Technical and Scientific Products",11261,"Compute customer's installation or production costs and estimate savings from new services, products, or equipment.",Core,88,7/1/2014,Incumbent
Strategic Sales,41-4011.00,"Sales Representatives, Wholesale and Manufacturing, Technical and Scientific Products",11262,Consult with engineers regarding technical problems with products.,Supplemental,88,7/1/2014,Incumbent
Strategic Sales,41-4011.00,"Sales Representatives, Wholesale and Manufacturing, Technical and Scientific Products",11265,"Stock or distribute resources, such as samples or promotional or educational materials.",Core,87,7/1/2014,Incumbent
Strategic Sales,41-4011.00,"Sales Representatives, Wholesale and Manufacturing, Technical and Scientific Products",11267,"Visit establishments, such as pharmacies, to determine product sales.",Supplemental,87,7/1/2014,Incumbent
Retail & Customer Experience,49-2011.00,"Computer, Automated Teller, and Office Machine Repairers",11623,Converse with customers to determine details of equipment problems.,Core,68,7/1/2015,Incumbent
Retail & Customer Experience,49-2011.00,"Computer, Automated Teller, and Office Machine Repairers",11624,Reassemble machines after making repairs or replacing parts.,Core,68,7/1/2015,Incumbent
Retail & Customer Experience,49-2011.00,"Computer, Automated Teller, and Office Machine Repairers",11625,Travel to customers' stores or offices to service machines or to provide emergency repair service.,Core,68,7/1/2015,Incumbent
Retail & Customer Experience,49-2011.00,"Computer, Automated Teller, and Office Machine Repairers",11626,Reinstall software programs or adjust settings on existing software to fix machine malfunctions.,Core,68,7/1/2015,Incumbent
Retail & Customer Experience,49-2011.00,"Computer, Automated Teller, and Office Machine Repairers",11627,"Advise customers concerning equipment operation, maintenance, or programming.",Core,68,7/1/2015,Incumbent
Retail & Customer Experience,49-2011.00,"Computer, Automated Teller, and Office Machine Repairers",11628,Test new systems to ensure that they are in working order.,Core,68,7/1/2015,Incumbent
Retail & Customer Experience,49-2011.00,"Computer, Automated Teller, and Office Machine Repairers",11629,"Assemble machines according to specifications, using hand or power tools and measuring devices.",Core,68,7/1/2015,Incumbent
Retail & Customer Experience,49-2011.00,"Computer, Automated Teller, and Office Machine Repairers",11630,Operate machines to test functioning of parts or mechanisms.,Core,68,7/1/2015,Incumbent
Retail & Customer Experience,49-2011.00,"Computer, Automated Teller, and Office Machine Repairers",11631,Maintain records of equipment maintenance work or repairs.,Core,68,7/1/2015,Incumbent
Retail & Customer Experience,49-2011.00,"Computer, Automated Teller, and Office Machine Repairers",11632,"Install and configure new equipment, including operating software or peripheral equipment.",Core,68,7/1/2015,Incumbent
Retail & Customer Experience,49-2011.00,"Computer, Automated Teller, and Office Machine Repairers",11633,Maintain parts inventories and order any additional parts needed for repairs.,Core,68,7/1/2015,Incumbent
Retail & Customer Experience,49-2011.00,"Computer, Automated Teller, and Office Machine Repairers",11634,"Update existing equipment, performing tasks such as installing updated circuit boards or additional memory.",Core,67,7/1/2015,Incumbent
Retail & Customer Experience,49-2011.00,"Computer, Automated Teller, and Office Machine Repairers",11635,"Align, adjust, or calibrate equipment according to specifications.",Core,67,7/1/2015,Incumbent
Retail & Customer Experience,49-2011.00,"Computer, Automated Teller, and Office Machine Repairers",11636,"Test components or circuits of faulty equipment to locate defects, using oscilloscopes, signal generators, ammeters, voltmeters, or special diagnostic software programs.",Core,68,7/1/2015,Incumbent
Retail & Customer Experience,49-2011.00,"Computer, Automated Teller, and Office Machine Repairers",11637,"Repair, adjust, or replace electrical or mechanical components or parts, using hand tools, power tools, or soldering or welding equipment.",Core,68,7/1/2015,Incumbent
Retail & Customer Experience,49-2011.00,"Computer, Automated Teller, and Office Machine Repairers",11638,"Complete repair bills, shop records, time cards, or expense reports.",Core,68,7/1/2015,Incumbent
Retail & Customer Experience,49-2011.00,"Computer, Automated Teller, and Office Machine Repairers",11639,"Disassemble machines to examine parts, such as wires, gears, or bearings for wear or defects, using hand or power tools and measuring devices.",Core,68,7/1/2015,Incumbent
Retail & Customer Experience,49-2011.00,"Computer, Automated Teller, and Office Machine Repairers",11640,"Clean, oil, or adjust mechanical parts to maintain machines' operating efficiency and to prevent breakdowns.",Core,68,7/1/2015,Incumbent
Retail & Customer Experience,49-2011.00,"Computer, Automated Teller, and Office Machine Repairers",11641,"Enter information into computers to copy programs from one electronic component to another or to draw, modify, or store schematics.",Core,68,7/1/2015,Incumbent
Retail & Customer Experience,49-2011.00,"Computer, Automated Teller, and Office Machine Repairers",11642,"Read specifications, such as blueprints, charts, or schematics, to determine machine settings or adjustments.",Core,68,7/1/2015,Incumbent
Retail & Customer Experience,49-2011.00,"Computer, Automated Teller, and Office Machine Repairers",11643,"Lay cable and hook up electrical connections between machines, power sources, and phone lines.",Core,68,7/1/2015,Incumbent
Retail & Customer Experience,49-2011.00,"Computer, Automated Teller, and Office Machine Repairers",11644,Analyze equipment performance records to assess equipment functioning.,Core,67,7/1/2015,Incumbent
Retail & Customer Experience,49-2011.00,"Computer, Automated Teller, and Office Machine Repairers",11645,"Fill machines with toners, inks, or other duplicating fluids.",Core,67,7/1/2015,Incumbent
Retail & Customer Experience,49-2011.00,"Computer, Automated Teller, and Office Machine Repairers",11646,Train new repairers.,Core,68,7/1/2015,Incumbent
Retail & Customer Experience,49-2011.00,"Computer, Automated Teller, and Office Machine Repairers",11647,Calibrate testing instruments.,Supplemental,68,7/1/2015,Incumbent
Strategic Sales,13-1021.00,"Buyers and Purchasing Agents, Farm Products",12878,"Purchase, for further processing or for resale, farm products, such as milk, grains, or Christmas trees.",Core,71,7/1/2013,Incumbent
Strategic Sales,13-1021.00,"Buyers and Purchasing Agents, Farm Products",12879,Negotiate contracts with farmers for the production or purchase of farm products.,Core,71,7/1/2013,Incumbent
Strategic Sales,13-1021.00,"Buyers and Purchasing Agents, Farm Products",12880,Arrange for processing or resale of purchased products.,Core,71,7/1/2013,Incumbent
Strategic Sales,13-1021.00,"Buyers and Purchasing Agents, Farm Products",12881,Arrange for transportation or storage of purchased products.,Core,71,7/1/2013,Incumbent
Strategic Sales,13-1021.00,"Buyers and Purchasing Agents, Farm Products",12882,Review orders to determine product types and quantities required to meet demand.,Core,70,7/1/2013,Incumbent
Strategic Sales,13-1021.00,"Buyers and Purchasing Agents, Farm Products",12883,"Maintain records of business transactions and product inventories, reporting data to companies or government agencies as necessary.",Core,71,7/1/2013,Incumbent
Strategic Sales,13-1021.00,"Buyers and Purchasing Agents, Farm Products",12884,"Examine or test crops or products to estimate their value, determine their grade, or locate any evidence of disease or insect damage.",Supplemental,71,7/1/2013,Incumbent
Strategic Sales,13-1021.00,"Buyers and Purchasing Agents, Farm Products",12885,"Coordinate or direct activities of workers engaged in cutting, transporting, storing, or milling products and maintaining records.",Supplemental,71,7/1/2013,Incumbent
Strategic Sales,13-1021.00,"Buyers and Purchasing Agents, Farm Products",12886,Calculate applicable government grain quotas.,Supplemental,71,7/1/2013,Incumbent
Strategic Sales,13-1021.00,"Buyers and Purchasing Agents, Farm Products",12887,"Sell supplies, such as seed, feed, fertilizers, or insecticides, arranging for loans or financing as necessary.",Supplemental,71,7/1/2013,Incumbent
Strategic Sales,13-1021.00,"Buyers and Purchasing Agents, Farm Products",12888,"Estimate land production possibilities, surveying property and studying factors such as crop rotation history, soil fertility, or irrigation facilities.",Supplemental,70,7/1/2013,Incumbent
Strategic Sales,13-1021.00,"Buyers and Purchasing Agents, Farm Products",12889,Advise farm groups or growers on land preparation or livestock care techniques that will maximize the quantity and quality of production.,Supplemental,70,7/1/2013,Incumbent
Marketing & Advertising,41-9011.00,Demonstrators and Product Promoters,13190,"Demonstrate or explain products, methods, or services to persuade customers to purchase products or use services.",Core,57,7/1/2016,Incumbent
Marketing & Advertising,41-9011.00,Demonstrators and Product Promoters,13191,"Provide product samples, coupons, informational brochures, or other incentives to persuade people to buy products.",Core,57,7/1/2016,Incumbent
Marketing & Advertising,41-9011.00,Demonstrators and Product Promoters,13192,Keep areas neat while working and return items to correct locations following demonstrations.,Core,57,7/1/2016,Incumbent
Marketing & Advertising,41-9011.00,Demonstrators and Product Promoters,13193,"Record and report demonstration-related information, such as the number of questions asked by the audience or the number of coupons distributed.",Core,57,7/1/2016,Incumbent
Marketing & Advertising,41-9011.00,Demonstrators and Product Promoters,13194,Sell products being promoted and keep records of sales.,Core,57,7/1/2016,Incumbent
Marketing & Advertising,41-9011.00,Demonstrators and Product Promoters,13195,Set up and arrange displays or demonstration areas to attract the attention of prospective customers.,Core,57,7/1/2016,Incumbent
Marketing & Advertising,41-9011.00,Demonstrators and Product Promoters,13196,Suggest specific product purchases to meet customers' needs.,Core,57,7/1/2016,Incumbent
Marketing & Advertising,41-9011.00,Demonstrators and Product Promoters,13197,"Transport, assemble, and disassemble materials used in presentations.",Core,57,7/1/2016,Incumbent
Marketing & Advertising,41-9011.00,Demonstrators and Product Promoters,13198,Identify interested and qualified customers to provide them with additional information.,Core,57,7/1/2016,Incumbent
Marketing & Advertising,41-9011.00,Demonstrators and Product Promoters,13199,Practice demonstrations to ensure that they will run smoothly.,Core,56,7/1/2016,Incumbent
Marketing & Advertising,41-9011.00,Demonstrators and Product Promoters,13200,Prepare or alter presentation contents to target specific audiences.,Supplemental,56,7/1/2016,Incumbent
Marketing & Advertising,41-9011.00,Demonstrators and Product Promoters,13201,Learn about competitors' products or consumers' interests or concerns to answer questions or provide more complete information.,Core,57,7/1/2016,Incumbent
Marketing & Advertising,41-9011.00,Demonstrators and Product Promoters,13202,Work as part of a team of demonstrators to accommodate large crowds.,Core,57,7/1/2016,Incumbent
Marketing & Advertising,41-9011.00,Demonstrators and Product Promoters,13203,"Visit trade shows, stores, community organizations, or other venues to demonstrate products or services or to answer questions from potential customers.",Core,57,7/1/2016,Incumbent
Marketing & Advertising,41-9011.00,Demonstrators and Product Promoters,13204,Train demonstrators to present a company's products or services.,Supplemental,57,7/1/2016,Incumbent
Marketing & Advertising,41-9011.00,Demonstrators and Product Promoters,13205,Instruct customers in alteration of products.,Core,57,7/1/2016,Incumbent
Marketing & Advertising,41-9011.00,Demonstrators and Product Promoters,13206,Research or investigate products to be presented to prepare for demonstrations.,Core,57,7/1/2016,Incumbent
Marketing & Advertising,41-9011.00,Demonstrators and Product Promoters,13207,Recommend product or service improvements to employers.,Supplemental,55,7/1/2016,Incumbent
Marketing & Advertising,41-9011.00,Demonstrators and Product Promoters,13208,"Provide product information, using lectures, films, charts, or slide shows.",Supplemental,57,7/1/2016,Incumbent
Marketing & Advertising,41-9011.00,Demonstrators and Product Promoters,13210,"Wear costumes or sign boards and walk in public to promote merchandise, services, or events.",Supplemental,57,7/1/2016,Incumbent
Marketing & Advertising,41-9011.00,Demonstrators and Product Promoters,13211,Stock shelves with products.,Supplemental,57,7/1/2016,Incumbent
Strategic Sales,41-9091.00,"Door-to-Door Sales Workers, News and Street Vendors, and Related Workers",13231,Deliver merchandise and collect payment.,Core,24,8/1/2018,Occupational Expert
Strategic Sales,41-9091.00,"Door-to-Door Sales Workers, News and Street Vendors, and Related Workers",13232,Write and record orders for merchandise or enter orders into computers.,Core,24,8/1/2018,Occupational Expert
Strategic Sales,41-9091.00,"Door-to-Door Sales Workers, News and Street Vendors, and Related Workers",13233,Explain products or services and prices and demonstrate use of products.,Core,24,8/1/2018,Occupational Expert
Strategic Sales,41-9091.00,"Door-to-Door Sales Workers, News and Street Vendors, and Related Workers",13235,Arrange buying parties and solicit sponsorship of such parties to sell merchandise.,Core,24,8/1/2018,Occupational Expert
Strategic Sales,41-9091.00,"Door-to-Door Sales Workers, News and Street Vendors, and Related Workers",13236,Answer questions about product features and benefits.,Core,24,8/1/2018,Occupational Expert
Strategic Sales,41-9091.00,"Door-to-Door Sales Workers, News and Street Vendors, and Related Workers",13237,"Circulate among potential customers or travel by foot, truck, automobile, or bicycle to deliver or sell merchandise or services.",Core,24,8/1/2018,Occupational Expert
Strategic Sales,41-9091.00,"Door-to-Door Sales Workers, News and Street Vendors, and Related Workers",13238,Develop prospect lists.,Core,24,8/1/2018,Occupational Expert
Strategic Sales,41-9091.00,"Door-to-Door Sales Workers, News and Street Vendors, and Related Workers",13239,Distribute product samples or literature that details products or services.,Core,24,8/1/2018,Occupational Expert
Strategic Sales,41-9091.00,"Door-to-Door Sales Workers, News and Street Vendors, and Related Workers",13240,Order or purchase supplies.,Core,24,8/1/2018,Occupational Expert
Strategic Sales,41-9091.00,"Door-to-Door Sales Workers, News and Street Vendors, and Related Workers",13241,Set up and display sample merchandise at parties or stands.,Core,24,8/1/2018,Occupational Expert
Strategic Sales,41-9091.00,"Door-to-Door Sales Workers, News and Street Vendors, and Related Workers",13242,Stock carts or stands.,Supplemental,24,8/1/2018,Occupational Expert
"Market Research, Analytics, & Ethics",15-2051.01,Business Intelligence Analysts,16134,"Provide technical support for existing reports, dashboards, or other tools.",Core,21,8/1/2024,Occupational Expert
"Market Research, Analytics, & Ethics",15-2051.01,Business Intelligence Analysts,16135,"Maintain library of model documents, templates, or other reusable knowledge assets.",Core,22,8/1/2024,Occupational Expert
"Market Research, Analytics, & Ethics",15-2051.01,Business Intelligence Analysts,16136,"Identify or monitor current and potential customers, using business intelligence tools.",Core,22,8/1/2024,Occupational Expert
"Market Research, Analytics, & Ethics",15-2051.01,Business Intelligence Analysts,16137,Create or review technical design documentation to ensure the accurate development of reporting solutions.,Core,22,8/1/2024,Occupational Expert
"Market Research, Analytics, & Ethics",15-2051.01,Business Intelligence Analysts,16138,"Communicate with customers, competitors, suppliers, professional organizations, or others to stay abreast of industry or business trends.",Core,22,8/1/2024,Occupational Expert
"Market Research, Analytics, & Ethics",15-2051.01,Business Intelligence Analysts,16139,"Maintain or update business intelligence tools, databases, dashboards, systems, or methods.",Core,22,8/1/2024,Occupational Expert
"Market Research, Analytics, & Ethics",15-2051.01,Business Intelligence Analysts,16140,Manage timely flow of business intelligence information to users.,Core,22,8/1/2024,Occupational Expert
"Market Research, Analytics, & Ethics",15-2051.01,Business Intelligence Analysts,16141,Identify and analyze industry or geographic trends with business strategy implications.,Core,22,8/1/2024,Occupational Expert
"Market Research, Analytics, & Ethics",15-2051.01,Business Intelligence Analysts,16142,"Document specifications for business intelligence or information technology reports, dashboards, or other outputs.",Core,22,8/1/2024,Occupational Expert
"Market Research, Analytics, & Ethics",15-2051.01,Business Intelligence Analysts,16143,"Disseminate information regarding tools, reports, or metadata enhancements.",Core,21,8/1/2024,Occupational Expert
"Market Research, Analytics, & Ethics",15-2051.01,Business Intelligence Analysts,16144,"Create business intelligence tools or systems, including design of related databases, spreadsheets, or outputs.",Core,21,8/1/2024,Occupational Expert
"Market Research, Analytics, & Ethics",15-2051.01,Business Intelligence Analysts,16145,Conduct or coordinate tests to ensure that intelligence is consistent with defined needs.,Core,22,8/1/2024,Occupational Expert
"Market Research, Analytics, & Ethics",15-2051.01,Business Intelligence Analysts,16146,"Collect business intelligence data from available industry reports, public information, field reports, or purchased sources.",Core,22,8/1/2024,Occupational Expert
"Market Research, Analytics, & Ethics",15-2051.01,Business Intelligence Analysts,16147,Analyze technology trends to identify markets for future product development or to improve sales of existing products.,Core,22,8/1/2024,Occupational Expert
"Market Research, Analytics, & Ethics",15-2051.01,Business Intelligence Analysts,16148,"Analyze competitive market strategies through analysis of related product, market, or share trends.",Core,22,8/1/2024,Occupational Expert
"Market Research, Analytics, & Ethics",15-2051.01,Business Intelligence Analysts,16149,Synthesize current business intelligence or trend data to support recommendations for action.,Core,22,8/1/2024,Occupational Expert
"Market Research, Analytics, & Ethics",15-2051.01,Business Intelligence Analysts,16150,"Generate standard or custom reports summarizing business, financial, or economic data for review by executives, managers, clients, and other stakeholders.",Core,22,8/1/2024,Occupational Expert
"Market Research, Analytics, & Ethics",13-1161.01,Search Marketing Strategists,16172,"Keep abreast of government regulations and emerging Web technology to ensure regulatory compliance by reviewing current literature, talking with colleagues, participating in educational programs, attending meetings or workshops, or participating in professional organizations or conferences.",Core,23,8/1/2021,Occupational Expert
"Market Research, Analytics, & Ethics",13-1161.01,Search Marketing Strategists,16173,Resolve product availability problems in collaboration with customer service staff.,Supplemental,23,8/1/2021,Occupational Expert
"Market Research, Analytics, & Ethics",13-1161.01,Search Marketing Strategists,16174,Implement online customer service processes to ensure positive and consistent user experiences.,Supplemental,23,8/1/2021,Occupational Expert
"Market Research, Analytics, & Ethics",13-1161.01,Search Marketing Strategists,16175,"Identify, evaluate, or procure hardware or software for implementing online marketing campaigns.",Core,23,8/1/2021,Occupational Expert
"Market Research, Analytics, & Ethics",13-1161.01,Search Marketing Strategists,16176,Identify methods for interfacing Web application technologies with enterprise resource planning or other system software.,Supplemental,23,8/1/2021,Occupational Expert
"Market Research, Analytics, & Ethics",13-1161.01,Search Marketing Strategists,16177,"Define product requirements, based on market research analysis, in collaboration with user interface design and engineering staff.",Supplemental,23,8/1/2021,Occupational Expert
"Market Research, Analytics, & Ethics",13-1161.01,Search Marketing Strategists,16178,Assist in the evaluation or negotiation of contracts with vendors or online partners.,Supplemental,23,8/1/2021,Occupational Expert
"Market Research, Analytics, & Ethics",13-1161.01,Search Marketing Strategists,16179,Propose online or multiple-sales-channel campaigns to marketing executives.,Core,23,8/1/2021,Occupational Expert
"Market Research, Analytics, & Ethics",13-1161.01,Search Marketing Strategists,16180,Assist in the development of online transaction or security policies.,Supplemental,23,8/1/2021,Occupational Expert
"Market Research, Analytics, & Ethics",13-1161.01,Search Marketing Strategists,16181,"Prepare electronic commerce designs or prototypes, such as storyboards, mock-ups, or other content, using graphics design software.",Supplemental,23,8/1/2021,Occupational Expert
"Market Research, Analytics, & Ethics",13-1161.01,Search Marketing Strategists,16182,Participate in the development or implementation of online marketing strategy.,Core,23,8/1/2021,Occupational Expert
"Market Research, Analytics, & Ethics",13-1161.01,Search Marketing Strategists,16183,"Identify and develop commercial or technical specifications, such as usability, pricing, checkout, or data security, to promote transactional internet-enabled commerce functionality.",Supplemental,23,8/1/2021,Occupational Expert
"Market Research, Analytics, & Ethics",13-1161.01,Search Marketing Strategists,16184,"Develop transactional Web applications, using Web programming software and knowledge of programming languages, such as hypertext markup language (HTML) and extensible markup language (XML).",Supplemental,23,8/1/2021,Occupational Expert
"Market Research, Analytics, & Ethics",13-1161.01,Search Marketing Strategists,16185,"Coordinate sales or other promotional strategies with merchandising, operations, or inventory control staff to ensure product catalogs are current, accurate, and organized for best findability against user intent.",Core,23,8/1/2021,Occupational Expert
"Market Research, Analytics, & Ethics",13-1161.01,Search Marketing Strategists,16186,"Conduct market research analysis to identify search query trends, real-time search and news media activity, popular social media topics, electronic commerce trends, market opportunities, or competitor performance.",Core,23,8/1/2021,Occupational Expert
"Market Research, Analytics, & Ethics",13-1161.01,Search Marketing Strategists,16187,Conduct financial modeling for online marketing programs or Web site revenue forecasting.,Core,23,8/1/2021,Occupational Expert
"Market Research, Analytics, & Ethics",13-1161.01,Search Marketing Strategists,16188,"Communicate and collaborate with merchants, Webmasters, bloggers, or online editors to strategically place hyperlinks.",Core,23,8/1/2021,Occupational Expert
"Market Research, Analytics, & Ethics",13-1161.01,Search Marketing Strategists,16189,Collaborate with other marketing staff to integrate and complement marketing strategies across multiple sales channels.,Core,23,8/1/2021,Occupational Expert
"Market Research, Analytics, & Ethics",13-1161.01,Search Marketing Strategists,16190,Optimize Web site exposure by analyzing search engine patterns to direct online placement of keywords or other content.,Core,23,8/1/2021,Occupational Expert
"Market Research, Analytics, & Ethics",13-1161.01,Search Marketing Strategists,16191,"Conduct online marketing initiatives, such as paid ad placement, affiliate programs, sponsorship programs, email promotions, or viral marketing campaigns on social media Web sites.",Core,23,8/1/2021,Occupational Expert
"Market Research, Analytics, & Ethics",13-1161.01,Search Marketing Strategists,16192,"Collect and analyze Web metrics, such as visits, time on site, page views per visit, transaction volume and revenue, traffic mix, click-through rates, conversion rates, cost per acquisition, or cost per click.",Core,23,8/1/2021,Occupational Expert
"Market Research, Analytics, & Ethics",13-1161.01,Search Marketing Strategists,16193,"Collaborate with Web, multimedia, or art design staffs to create multimedia Web sites or other internet content that conforms to brand and company visual format.",Core,23,8/1/2021,Occupational Expert
Strategic Sales,41-4011.07,Solar Sales Representatives and Assessors,17654,Generate solar energy customer leads to develop new accounts.,Core,58,8/1/2024,Incumbent
Strategic Sales,41-4011.07,Solar Sales Representatives and Assessors,17655,"Prepare proposals, quotes, contracts, or presentations for potential solar customers.",Core,58,8/1/2024,Incumbent
Strategic Sales,41-4011.07,Solar Sales Representatives and Assessors,17656,"Select solar energy products, systems, or services for customers based on electrical energy requirements, site conditions, price, or other factors.",Core,58,8/1/2024,Incumbent
Strategic Sales,41-4011.07,Solar Sales Representatives and Assessors,17657,"Assess sites to determine suitability for solar equipment, using equipment such as tape measures, compasses, and computer software.",Core,59,8/1/2024,Incumbent
Strategic Sales,41-4011.07,Solar Sales Representatives and Assessors,17658,"Calculate potential solar resources or solar array production for a particular site considering issues such as climate, shading, and roof orientation.",Core,58,8/1/2024,Incumbent
Strategic Sales,41-4011.07,Solar Sales Representatives and Assessors,17659,Create customized energy management packages to satisfy customer needs.,Core,59,8/1/2024,Incumbent
Strategic Sales,41-4011.07,Solar Sales Representatives and Assessors,17660,Develop marketing or strategic plans for sales territories.,Core,58,8/1/2024,Incumbent
Strategic Sales,41-4011.07,Solar Sales Representatives and Assessors,17661,Gather information from prospective customers to identify their solar energy needs.,Core,58,8/1/2024,Incumbent
Strategic Sales,41-4011.07,Solar Sales Representatives and Assessors,17662,"Prepare or review detailed design drawings, specifications, or lists related to solar installations.",Core,59,8/1/2024,Incumbent
Strategic Sales,41-4011.07,Solar Sales Representatives and Assessors,17663,"Provide customers with information, such as quotes, orders, sales, shipping, warranties, credit, funding options, incentives, or tax rebates.",Core,59,8/1/2024,Incumbent
Strategic Sales,41-4011.07,Solar Sales Representatives and Assessors,17664,"Provide technical information about solar power, solar systems, equipment, and services to potential customers or dealers.",Core,58,8/1/2024,Incumbent
Strategic Sales,41-4011.07,Solar Sales Representatives and Assessors,17665,Take quote requests or orders from dealers or customers.,Core,59,8/1/2024,Incumbent
Strategic Sales,41-4011.07,Solar Sales Representatives and Assessors,17666,Demonstrate use of solar and related equipment to customers or dealers.,Core,59,8/1/2024,Incumbent
Retail & Customer Experience,43-4051.00,Customer Service Representatives,18565,"Confer with customers by telephone or in person to provide information about products or services, take or enter orders, cancel accounts, or obtain details of complaints.",Core,73,8/1/2022,Incumbent
Marketing & Advertising,11-2011.00,Advertising and Promotions Managers,18586,"Manage sales team, including setting goals, providing incentives, and evaluating employee performance.",Supplemental,72,8/1/2018,Incumbent
Retail & Customer Experience,41-2011.00,Cashiers,18765,Assist customers by providing information and resolving their complaints.,Core,63,8/1/2024,Incumbent
Retail & Customer Experience,41-2011.00,Cashiers,18766,"Maintain clean and orderly checkout areas, and complete other general cleaning duties, such as mopping floors and emptying trash cans.",Core,64,8/1/2024,Incumbent
Retail & Customer Experience,41-2011.00,Cashiers,18767,"Assist with duties in other areas of the store, such as monitoring fitting rooms or bagging and carrying out customers' items.",Supplemental,64,8/1/2024,Incumbent
Retail & Customer Experience,41-2011.00,Cashiers,18768,Supervise others and provide on-the-job training.,Supplemental,63,8/1/2024,Incumbent
Marketing & Advertising,11-2021.00,Marketing Managers,19502,Consult with buying personnel to gain advice regarding environmentally sound or sustainable products.,Supplemental,116,7/1/2015,Incumbent
Marketing & Advertising,11-2021.00,Marketing Managers,19503,Develop business cases for environmental marketing strategies.,Supplemental,115,7/1/2015,Incumbent
Marketing & Advertising,11-2021.00,Marketing Managers,19504,"Integrate environmental information into product or company marketing strategies, policies, or activities.",Supplemental,116,7/1/2015,Incumbent
Marketing & Advertising,11-2021.00,Marketing Managers,19505,"Recommend modifications to products, packaging, production processes, or other characteristics to improve the environmental soundness or sustainability of products.",Supplemental,116,7/1/2015,Incumbent
Strategic Sales,13-1022.00,"Wholesale and Retail Buyers, Except Farm Products",19547,Analyze environmental aspects of competing merchandise when making buying decisions.,Supplemental,82,7/1/2015,Incumbent
Strategic Sales,13-1022.00,"Wholesale and Retail Buyers, Except Farm Products",19548,Compare transportation options to determine the most energy-efficient options.,Supplemental,81,7/1/2015,Incumbent
Strategic Sales,13-1022.00,"Wholesale and Retail Buyers, Except Farm Products",19549,Develop strategies to advertise green products or merchandise to consumers.,Supplemental,81,7/1/2015,Incumbent
Strategic Sales,13-1022.00,"Wholesale and Retail Buyers, Except Farm Products",19550,"Identify opportunities to buy green commodities, such as alternative energy, water, or carbon-neutral products for resale to consumers.",Supplemental,82,7/1/2015,Incumbent
Strategic Sales,13-1022.00,"Wholesale and Retail Buyers, Except Farm Products",19551,Monitor consumer preferences or environmental trends to determine the best way to introduce new green products.,Supplemental,81,7/1/2015,Incumbent
Strategic Sales,41-4011.00,"Sales Representatives, Wholesale and Manufacturing, Technical and Scientific Products",19825,"Inform customers about issues related to responsible use and disposal of products, such as waste reduction or product or byproduct recycling or disposal.",Supplemental,82,7/1/2014,Incumbent
Strategic Sales,41-4011.00,"Sales Representatives, Wholesale and Manufacturing, Technical and Scientific Products",19826,Present information to customers about the energy efficiency or environmental impact of scientific or technical products.,Supplemental,82,7/1/2014,Incumbent
Strategic Sales,41-4011.00,"Sales Representatives, Wholesale and Manufacturing, Technical and Scientific Products",19828,Sell technical and scientific products that are environmentally sound or designed for environmental remediation.,Supplemental,82,7/1/2014,Incumbent
"Market Research, Analytics, & Ethics",15-2021.00,Mathematicians,20191,"Disseminate research by writing reports, publishing papers, or presenting at professional conferences.",Core,24,8/1/2021,Occupational Expert
"Market Research, Analytics, & Ethics",15-2041.00,Statisticians,20192,Report results of statistical analyses in peer-reviewed papers and technical manuals.,Core,21,8/1/2024,Occupational Expert
"Market Research, Analytics, & Ethics",15-2041.00,Statisticians,20193,Develop software applications or programming for statistical modeling and graphic analysis.,Core,21,8/1/2024,Occupational Expert
"Market Research, Analytics, & Ethics",15-2041.00,Statisticians,20194,"Present statistical and nonstatistical results, using charts, bullets, and graphs, in meetings or conferences to audiences such as clients, peers, and students.",Core,21,8/1/2024,Occupational Expert
Retail & Customer Experience,41-1012.00,First-Line Supervisors of Non-Retail Sales Workers,20266,"Direct and supervise employees engaged in sales, inventory-taking, reconciling cash receipts, or performing specific services.",Core,85,8/1/2020,Incumbent
Strategic Sales,41-4012.00,"Sales Representatives, Wholesale and Manufacturing, Except Technical and Scientific Products",20267,Prepare sales contracts and order forms.,Core,65,8/1/2020,Incumbent
Strategic Sales,41-4012.00,"Sales Representatives, Wholesale and Manufacturing, Except Technical and Scientific Products",20268,Negotiate details of contracts and payments.,Supplemental,64,8/1/2020,Incumbent
"Market Research, Analytics, & Ethics",13-1161.01,Search Marketing Strategists,20318,Assist in setting up or optimizing analytics tools for tracking visitors' behaviors.,Core,23,8/1/2021,Occupational Expert
"Market Research, Analytics, & Ethics",13-1161.01,Search Marketing Strategists,20319,Combine secondary data sources with keyword research to more accurately profile and satisfy user intent.,Core,23,8/1/2021,Occupational Expert
"Market Research, Analytics, & Ethics",13-1161.01,Search Marketing Strategists,20320,"Coordinate with developers to optimize Web site architecture, server configuration, or page construction for search engine consumption and optimal visibility.",Core,23,8/1/2021,Occupational Expert
"Market Research, Analytics, & Ethics",13-1161.01,Search Marketing Strategists,20321,Create content strategies for digital media.,Core,23,8/1/2021,Occupational Expert
"Market Research, Analytics, & Ethics",13-1161.01,Search Marketing Strategists,20322,Evaluate new emerging media or technologies and make recommendations for their application within Internet marketing or search marketing campaigns.,Core,23,8/1/2021,Occupational Expert
"Market Research, Analytics, & Ethics",13-1161.01,Search Marketing Strategists,20323,Execute and manage communications with digital journalists or bloggers.,Supplemental,23,8/1/2021,Occupational Expert
"Market Research, Analytics, & Ethics",13-1161.01,Search Marketing Strategists,20324,"Execute or manage banner, video, or other non-text link ad campaigns.",Supplemental,23,8/1/2021,Occupational Expert
"Market Research, Analytics, & Ethics",13-1161.01,Search Marketing Strategists,20325,Execute or manage social media campaigns to inform search marketing tactics.,Core,23,8/1/2021,Occupational Expert
"Market Research, Analytics, & Ethics",13-1161.01,Search Marketing Strategists,20326,Identify appropriate Key Performance Indicators (KPIs) and report key metrics from digital campaigns.,Core,23,8/1/2021,Occupational Expert
"Market Research, Analytics, & Ethics",13-1161.01,Search Marketing Strategists,20327,"Improve search-related activities through ongoing analysis, experimentation, or optimization tests, using A/B or multivariate methods.",Core,23,8/1/2021,Occupational Expert
"Market Research, Analytics, & Ethics",13-1161.01,Search Marketing Strategists,20328,Manage tracking and reporting of search-related activities and provide analyses to marketing executives.,Core,23,8/1/2021,Occupational Expert
"Market Research, Analytics, & Ethics",13-1161.01,Search Marketing Strategists,20329,"Optimize digital assets, such as text, graphics, or multimedia assets, for search engine optimization (SEO) or for display and usability on internet-connected devices.",Core,23,8/1/2021,Occupational Expert
"Market Research, Analytics, & Ethics",13-1161.01,Search Marketing Strategists,20330,Optimize shopping cart experience or Web site conversion rates against Key Performance Indicators (KPIs).,Core,23,8/1/2021,Occupational Expert
"Market Research, Analytics, & Ethics",13-1161.01,Search Marketing Strategists,20331,"Purchase or negotiate placement of listings in local search engines, directories, or digital mapping technologies.",Core,23,8/1/2021,Occupational Expert
Marketing & Advertising,27-4021.00,Photographers,20558,"Transfer photographs to computers for editing, archiving, and electronic transmission.",Core,22,8/1/2021,Occupational Expert
Marketing & Advertising,27-4021.00,Photographers,20559,"Develop and print exposed film, using chemicals, touch-up tools, and developing and printing equipment.",Supplemental,22,8/1/2021,Occupational Expert
Marketing & Advertising,27-4021.00,Photographers,20560,Write photograph captions.,Supplemental,22,8/1/2021,Occupational Expert
Marketing & Advertising,27-4021.00,Photographers,20561,Send film to photofinishing laboratories for processing.,Supplemental,22,8/1/2021,Occupational Expert
Strategic Sales,41-4011.00,"Sales Representatives, Wholesale and Manufacturing, Technical and Scientific Products",20608,Prepare and submit sales contracts for orders.,Core,88,7/1/2014,Incumbent
Strategic Sales,41-4011.00,"Sales Representatives, Wholesale and Manufacturing, Technical and Scientific Products",20609,Contact new or existing customers to discuss how specific products or services can meet their needs.,Core,88,7/1/2014,Incumbent
Strategic Sales,41-4011.00,"Sales Representatives, Wholesale and Manufacturing, Technical and Scientific Products",20610,"Select or assist customers in selecting products based on customer needs, product specifications, and applicable regulations.",Core,87,7/1/2014,Incumbent
Strategic Sales,41-4011.00,"Sales Representatives, Wholesale and Manufacturing, Technical and Scientific Products",20611,Verify that delivery schedules meet project deadlines.,Core,88,7/1/2014,Incumbent
Strategic Sales,41-4011.00,"Sales Representatives, Wholesale and Manufacturing, Technical and Scientific Products",20612,"Identify prospective customers, using business directories, leads from existing clients, participation in organizations, or trade show or conference attendance.",Core,88,7/1/2014,Incumbent
Strategic Sales,41-4011.00,"Sales Representatives, Wholesale and Manufacturing, Technical and Scientific Products",20613,Advise customers on product usage to improve production.,Core,88,7/1/2014,Incumbent
Strategic Sales,41-4011.00,"Sales Representatives, Wholesale and Manufacturing, Technical and Scientific Products",20614,Study documentation or other information for new scientific or technical products.,Core,88,7/1/2014,Incumbent
Strategic Sales,41-4011.00,"Sales Representatives, Wholesale and Manufacturing, Technical and Scientific Products",20615,"Attend sales or trade meetings or read related publications to obtain information about market conditions, business trends, environmental regulations, or industry developments.",Core,88,7/1/2014,Incumbent
Strategic Sales,41-4011.00,"Sales Representatives, Wholesale and Manufacturing, Technical and Scientific Products",20616,Sell service contracts for technical or scientific products.,Supplemental,85,7/1/2014,Incumbent
Strategic Sales,41-4011.00,"Sales Representatives, Wholesale and Manufacturing, Technical and Scientific Products",20617,Demonstrate the operation or use of technical or scientific products.,Supplemental,88,7/1/2014,Incumbent
Strategic Sales,41-4011.00,"Sales Representatives, Wholesale and Manufacturing, Technical and Scientific Products",20618,Initiate sales campaigns to meet sales and production expectations.,Supplemental,88,7/1/2014,Incumbent
Strategic Sales,41-4011.00,"Sales Representatives, Wholesale and Manufacturing, Technical and Scientific Products",20619,Verify accuracy of materials lists.,Supplemental,88,7/1/2014,Incumbent
Strategic Sales,41-4011.00,"Sales Representatives, Wholesale and Manufacturing, Technical and Scientific Products",20620,Verify customer credit ratings.,Supplemental,87,7/1/2014,Incumbent
Marketing & Advertising,11-2021.00,Marketing Managers,20709,"Formulate, direct, or coordinate marketing activities or policies to promote products or services, working with advertising or promotion managers.",Core,117,7/1/2015,Incumbent
Strategic Sales,13-1022.00,"Wholesale and Retail Buyers, Except Farm Products",20710,Buy merchandise or commodities for resale to wholesale or retail consumers.,Core,81,7/1/2015,Incumbent
Strategic Sales,13-1022.00,"Wholesale and Retail Buyers, Except Farm Products",20711,"Negotiate prices, discount terms, or transportation arrangements with suppliers.",Core,81,7/1/2015,Incumbent
Strategic Sales,13-1022.00,"Wholesale and Retail Buyers, Except Farm Products",20712,"Examine, select, order, or purchase merchandise consistent with quality, quantity, specification requirements, or other factors, such as environmental soundness.",Core,81,7/1/2015,Incumbent
Strategic Sales,13-1022.00,"Wholesale and Retail Buyers, Except Farm Products",20713,"Recommend mark-up rates, mark-down rates, or merchandise selling prices.",Core,81,7/1/2015,Incumbent
Strategic Sales,13-1022.00,"Wholesale and Retail Buyers, Except Farm Products",20714,Obtain information about customer needs or preferences by conferring with sales or purchasing personnel.,Core,81,7/1/2015,Incumbent
Strategic Sales,13-1022.00,"Wholesale and Retail Buyers, Except Farm Products",20715,Collaborate with vendors to obtain or develop desired products.,Core,81,7/1/2015,Incumbent
Strategic Sales,13-1022.00,"Wholesale and Retail Buyers, Except Farm Products",20716,"Inspect merchandise or products to determine quality, value, or yield.",Core,82,7/1/2015,Incumbent
Strategic Sales,13-1022.00,"Wholesale and Retail Buyers, Except Farm Products",20717,Conduct sales meetings to introduce new merchandise.,Core,81,7/1/2015,Incumbent
Retail & Customer Experience,27-1023.00,Floral Designers,20751,"Deliver arrangements to customers, or oversee employees responsible for deliveries.",Core,49,7/1/2015,Incumbent
Retail & Customer Experience,41-2022.00,Parts Salespersons,20775,"Fill customer orders from stock, and place orders when requested items are out of stock.",Core,48,8/1/2023,Incumbent
Retail & Customer Experience,41-2022.00,Parts Salespersons,20776,"Assist customers, such as responding to customer complaints and updating them about back-ordered parts.",Core,48,8/1/2023,Incumbent
Retail & Customer Experience,41-2022.00,Parts Salespersons,20777,"Locate and label parts, and maintain inventory of stock.",Core,48,8/1/2023,Incumbent
Retail & Customer Experience,41-2022.00,Parts Salespersons,20778,Pick up and deliver parts.,Core,48,8/1/2023,Incumbent
Retail & Customer Experience,41-2022.00,Parts Salespersons,20779,Maintain and clean work and inventory areas.,Core,48,8/1/2023,Incumbent
Retail & Customer Experience,41-2022.00,Parts Salespersons,20780,Manage shipments by researching shipping methods or costs and tracking packages.,Core,48,8/1/2023,Incumbent
"Market Research, Analytics, & Ethics",19-3041.00,Sociologists,20868,Present research findings at professional meetings.,Core,20,8/1/2023,Occupational Expert
Retail & Customer Experience,41-2011.00,Cashiers,21072,Help customers find the location of products.,Core,63,8/1/2024,Incumbent
Retail & Customer Experience,41-2011.00,Cashiers,21073,Answer incoming phone calls.,Core,64,8/1/2024,Incumbent
Retail & Customer Experience,41-2011.00,Cashiers,21074,"Stock shelves, sort and reshelve returned items, and mark prices on items and shelves.",Supplemental,63,8/1/2024,Incumbent
Strategic Sales,41-9091.00,"Door-to-Door Sales Workers, News and Street Vendors, and Related Workers",21075,Persuade customers to purchase merchandise or services.,Core,24,8/1/2018,Occupational Expert
"Market Research, Analytics, & Ethics",15-2041.00,Statisticians,21100,"Determine whether statistical methods are appropriate, based on user needs or research questions of interest.",Core,21,8/1/2024,Occupational Expert
"Market Research, Analytics, & Ethics",15-2041.00,Statisticians,21101,Prepare and structure data warehouses for storing data.,Supplemental,21,8/1/2024,Occupational Expert
Marketing & Advertising,11-2011.00,Advertising and Promotions Managers,21217,Analyze marketing or sales trends to forecast future conditions.,,,11/1/2020,Analyst
Marketing & Advertising,11-2011.00,Advertising and Promotions Managers,21218,Analyze the effectiveness of marketing tactics or channels.,,,11/1/2020,Analyst
Marketing & Advertising,11-2011.00,Advertising and Promotions Managers,21219,"Attend or participate in conferences, community events, and promotional events related to products or technologies.",,,11/1/2020,Analyst
Marketing & Advertising,11-2011.00,Advertising and Promotions Managers,21220,"Conduct research on consumer opinions and buying habits, and identify target audiences for products, services, or technologies.",,,11/1/2020,Analyst
Marketing & Advertising,11-2011.00,Advertising and Promotions Managers,21221,"Coordinate with marketing team members, graphic artists, and other workers to develop and implement marketing programs.",,,11/1/2020,Analyst
Marketing & Advertising,11-2011.00,Advertising and Promotions Managers,21222,"Develop communications materials, advertisements, presentations, or public relations initiatives to promote awareness of products and services.",,,11/1/2020,Analyst
Marketing & Advertising,11-2011.00,Advertising and Promotions Managers,21223,"Develop comprehensive marketing strategies, using knowledge of products and technologies, markets, and regulations.",,,11/1/2020,Analyst
Marketing & Advertising,11-2011.00,Advertising and Promotions Managers,21224,"Devise or evaluate methods and procedures for collecting data, such as surveys, opinion polls, and questionnaires.",,,11/1/2020,Analyst
Marketing & Advertising,11-2011.00,Advertising and Promotions Managers,21225,"Maintain portfolios of marketing campaigns, strategies, and other marketing products or ideas.",,,11/1/2020,Analyst
"Market Research, Analytics, & Ethics",15-2051.00,Data Scientists,21823,"Analyze, manipulate, or process large sets of data using statistical software.",,,11/1/2020,Analyst
"Market Research, Analytics, & Ethics",15-2051.00,Data Scientists,21824,"Apply feature selection algorithms to models predicting outcomes of interest, such as sales, attrition, and healthcare use.",,,11/1/2020,Analyst
"Market Research, Analytics, & Ethics",15-2051.00,Data Scientists,21825,Apply sampling techniques to determine groups to be surveyed or use complete enumeration methods.,,,11/1/2020,Analyst
"Market Research, Analytics, & Ethics",15-2051.00,Data Scientists,21826,Clean and manipulate raw data using statistical software.,,,11/1/2020,Analyst
"Market Research, Analytics, & Ethics",15-2051.00,Data Scientists,21827,"Compare models using statistical performance metrics, such as loss functions or proportion of explained variance.",,,11/1/2020,Analyst
"Market Research, Analytics, & Ethics",15-2051.00,Data Scientists,21828,"Create graphs, charts, or other visualizations to convey the results of data analysis using specialized software.",,,11/1/2020,Analyst
"Market Research, Analytics, & Ethics",15-2051.00,Data Scientists,21829,Deliver oral or written presentations of the results of mathematical modeling and data analysis to management or other end users.,,,11/1/2020,Analyst
"Market Research, Analytics, & Ethics",15-2051.00,Data Scientists,21830,"Design surveys, opinion polls, or other instruments to collect data.",,,11/1/2020,Analyst
"Market Research, Analytics, & Ethics",15-2051.00,Data Scientists,21831,Identify business problems or management objectives that can be addressed through data analysis.,,,11/1/2020,Analyst
"Market Research, Analytics, & Ethics",15-2051.00,Data Scientists,21832,Identify relationships and trends or any factors that could affect the results of research.,,,11/1/2020,Analyst
"Market Research, Analytics, & Ethics",15-2051.00,Data Scientists,21833,"Identify solutions to business problems, such as budgeting, staffing, and marketing decisions, using the results of data analysis.",,,11/1/2020,Analyst
"Market Research, Analytics, & Ethics",15-2051.00,Data Scientists,21834,"Propose solutions in engineering, the sciences, and other fields using mathematical theories and techniques.",,,11/1/2020,Analyst
"Market Research, Analytics, & Ethics",15-2051.00,Data Scientists,21835,"Read scientific articles, conference papers, or other sources of research to identify emerging analytic trends and technologies.",,,11/1/2020,Analyst
"Market Research, Analytics, & Ethics",15-2051.00,Data Scientists,21836,Recommend data-driven solutions to key stakeholders.,,,11/1/2020,Analyst
"Market Research, Analytics, & Ethics",15-2051.00,Data Scientists,21837,"Test, validate, and reformulate models to ensure accurate prediction of outcomes of interest.",,,11/1/2020,Analyst
"Market Research, Analytics, & Ethics",15-2051.00,Data Scientists,21838,Write new functions or applications in programming languages to conduct analyses.,,,11/1/2020,Analyst
Strategic Sales,41-3091.00,"Sales Representatives of Services, Except Advertising, Insurance, Financial Services, and Travel",23222,"Answer customers' questions about services, prices, availability, or credit terms.",,,11/1/2020,Analyst
Strategic Sales,41-3091.00,"Sales Representatives of Services, Except Advertising, Insurance, Financial Services, and Travel",23223,"Attend sales or trade meetings or read related publications to obtain information about market conditions, business trends, regulations, or industry developments.",,,11/1/2020,Analyst
Strategic Sales,41-3091.00,"Sales Representatives of Services, Except Advertising, Insurance, Financial Services, and Travel",23224,Compute and compare costs of services.,,,11/1/2020,Analyst
Strategic Sales,41-3091.00,"Sales Representatives of Services, Except Advertising, Insurance, Financial Services, and Travel",23225,Consult with clients after sales or contract signings to resolve problems and provide ongoing support.,,,11/1/2020,Analyst
Strategic Sales,41-3091.00,"Sales Representatives of Services, Except Advertising, Insurance, Financial Services, and Travel",23226,Contact prospective or existing customers to discuss how services can meet their needs.,,,11/1/2020,Analyst
Strategic Sales,41-3091.00,"Sales Representatives of Services, Except Advertising, Insurance, Financial Services, and Travel",23227,Create forms or agreements to complete sales.,,,11/1/2020,Analyst
Strategic Sales,41-3091.00,"Sales Representatives of Services, Except Advertising, Insurance, Financial Services, and Travel",23228,Develop sales presentations or proposals to explain service specifications.,,,11/1/2020,Analyst
Strategic Sales,41-3091.00,"Sales Representatives of Services, Except Advertising, Insurance, Financial Services, and Travel",23229,"Distribute promotional materials at meetings, conferences, or trade shows.",,,11/1/2020,Analyst
Strategic Sales,41-3091.00,"Sales Representatives of Services, Except Advertising, Insurance, Financial Services, and Travel",23230,Emphasize or recommend service features based on knowledge of customers' needs and vendor capabilities and limitations.,,,11/1/2020,Analyst
Strategic Sales,41-3091.00,"Sales Representatives of Services, Except Advertising, Insurance, Financial Services, and Travel",23231,"Identify prospective customers using business directories, leads from clients, or information from conferences or trade shows.",,,11/1/2020,Analyst
Strategic Sales,41-3091.00,"Sales Representatives of Services, Except Advertising, Insurance, Financial Services, and Travel",23232,Inform customers of contracts or other information pertaining to purchased services.,,,11/1/2020,Analyst
Strategic Sales,41-3091.00,"Sales Representatives of Services, Except Advertising, Insurance, Financial Services, and Travel",23233,Maintain customer records using automated systems.,,,11/1/2020,Analyst
Strategic Sales,41-3091.00,"Sales Representatives of Services, Except Advertising, Insurance, Financial Services, and Travel",23234,"Monitor market conditions, innovations, and competitors' services, prices, and sales.",,,11/1/2020,Analyst
Strategic Sales,41-3091.00,"Sales Representatives of Services, Except Advertising, Insurance, Financial Services, and Travel",23235,Negotiate prices or terms of sales or service agreements.,,,11/1/2020,Analyst
Strategic Sales,41-3091.00,"Sales Representatives of Services, Except Advertising, Insurance, Financial Services, and Travel",23236,"Quote prices, credit terms, contract terms, or fulfillment dates for services.",,,11/1/2020,Analyst
"Market Research, Analytics, & Ethics",19-3041.00,Sociologists,23963,Explain sociological research to the general public.,Core,20,8/1/2023,Occupational Expert
"Market Research, Analytics, & Ethics",19-3041.00,Sociologists,23964,Write grants to obtain funding for research projects.,Core,20,8/1/2023,Occupational Expert
